,Name,A ending?,"VowelEnding? (a, e, i, o, u,y)","Fricative ending? (f,v,th,s,z,sh,ch,dge)","Sonorant ending? (m,n,ng,l,r)","Plosive ending? (p,b,t,d,k,g)","1st letter vowel? (a, e, i, o, u)","1st letter fricative? (f,v,th,s,z,sh,ch,j)","1st letter sonorant? (m,n,l,r,w,y)","1st letter plosive? (p,b,t,d,k,g)",# of letters,Front Vowels,Back Vowels,"Total # of vowels (a, e, i, o, u)","# of fricatives (f,v,th,s,z,sh,ch,j)","Total # of sonorants (m,n,l,r,w,y)","Total # of plosives  (p,b,t,d,k,g)",Gender,Category
0,advil,0,0,0,1,0,1,0,0,0,5,1,0,2,1,1,1,0,ANALGESICS
1,aleve,0,1,0,0,0,1,0,0,0,5,2,0,3,1,1,0,1,ANALGESICS
2,alliviax,0,0,0,0,0,1,0,0,0,8,2,0,4,1,2,0,1,ANALGESICS
3,analgen,0,0,0,1,0,1,0,0,0,7,1,0,3,0,3,1,0,ANALGESICS
4,arnicare,0,1,0,0,0,1,0,0,0,8,2,0,4,0,3,0,1,ANALGESICS
5,asteeza,1,1,0,0,0,1,0,0,0,7,1,0,4,2,0,1,1,ANALGESICS
6,ausanil,0,0,0,1,0,1,0,0,0,7,1,1,4,1,2,0,0,ANALGESICS
7,azo,0,1,0,0,0,1,0,0,0,3,0,1,2,1,0,0,1,ANALGESICS
8,bc,0,0,0,0,0,0,0,0,1,2,0,0,0,0,0,1,0,ANALGESICS
9,biofreeze,0,1,0,0,0,0,0,0,1,9,3,1,5,2,1,1,1,ANALGESICS
10,bufferin,0,0,0,1,0,0,0,0,1,8,2,1,3,2,2,1,0,ANALGESICS
11,buscapina,1,1,0,0,0,0,0,0,1,9,1,1,4,1,1,2,1,ANALGESICS
12,calmadol,0,0,0,1,0,0,0,0,0,8,0,1,3,0,3,1,0,ANALGESICS
13,diurex,0,0,0,0,0,0,0,0,1,6,2,1,3,0,1,1,1,ANALGESICS
14,equate,0,1,0,0,0,1,0,0,0,6,2,1,4,0,0,1,1,ANALGESICS
15,excedrin,0,0,0,1,0,1,0,0,0,8,3,0,3,0,2,1,0,ANALGESICS
16,fibromyalgia,1,1,0,0,0,0,1,0,0,12,2,1,5,1,4,2,1,ANALGESICS
17,flanax,0,0,0,0,0,0,1,0,0,6,0,0,2,1,2,0,1,ANALGESICS
18,glycomarine,0,1,0,0,0,0,0,0,1,11,2,1,4,0,5,1,1,ANALGESICS
19,goodys,0,0,1,0,0,0,0,0,1,6,0,1,2,1,1,2,0,ANALGESICS
20,hangover,0,0,0,1,0,0,0,0,0,8,1,1,3,1,2,1,0,ANALGESICS
21,kyutec,0,0,0,0,0,0,0,0,1,6,1,1,2,0,1,2,0,ANALGESICS
22,livia,1,1,0,0,0,0,0,1,0,5,2,0,3,1,1,0,1,ANALGESICS
23,migrastil,0,0,0,1,0,0,0,1,0,9,2,0,3,1,3,2,0,ANALGESICS
24,migrelief,0,0,1,0,0,0,0,1,0,9,3,0,4,1,3,1,1,ANALGESICS
25,motrin,0,0,0,1,0,0,0,1,0,6,1,1,2,0,3,1,0,ANALGESICS
26,naproxen,0,0,0,1,0,0,0,1,0,8,1,1,3,0,3,1,0,ANALGESICS
27,noxicare,0,1,0,0,0,0,0,1,0,8,2,1,4,0,2,0,1,ANALGESICS
28,pamprin,0,0,0,1,0,0,0,0,1,7,1,0,2,0,3,2,0,ANALGESICS
29,pediacare,0,1,0,0,0,0,0,0,1,9,3,0,5,0,1,2,1,ANALGESICS
30,persen,0,0,0,1,0,0,0,0,1,6,2,0,2,1,2,1,0,ANALGESICS
31,salonpas,0,0,1,0,0,0,1,0,0,8,0,1,3,2,2,1,0,ANALGESICS
32,stopain,0,0,0,1,0,0,1,0,0,7,1,1,3,1,1,2,0,ANALGESICS
33,synodrin,0,0,0,1,0,0,1,0,0,8,1,1,2,1,4,1,0,ANALGESICS
34,tylenol,0,0,0,1,0,0,0,0,1,7,1,1,2,0,4,1,0,ANALGESICS
35,vanquish,0,0,1,0,0,0,1,0,0,8,1,1,3,2,1,0,0,ANALGESICS
36,venaton,0,0,0,1,0,0,1,0,0,7,1,1,3,1,2,1,0,ANALGESICS
37,alfamino,0,1,0,0,0,1,0,0,0,8,1,1,4,1,3,0,1,BABY_FOODS
38,enfagrow,0,0,0,0,0,1,0,0,0,8,1,1,3,1,3,1,0,BABY_FOODS
39,enfamil,0,0,0,1,0,1,0,0,0,7,2,0,3,1,3,0,1,BABY_FOODS
40,gerber,0,0,0,1,0,0,0,0,1,6,2,0,2,0,2,2,0,BABY_FOODS
41,kabrita,1,1,0,0,0,0,0,0,1,7,1,0,3,0,1,3,1,BABY_FOODS
42,neocate,0,1,0,0,0,0,0,1,0,7,2,1,4,0,1,1,1,BABY_FOODS
43,nurturme,0,1,0,0,0,0,0,1,0,8,1,2,3,0,4,1,0,BABY_FOODS
44,similac,0,0,0,0,0,0,1,0,0,7,2,0,3,1,2,0,1,BABY_FOODS
45,sprout,0,0,0,0,1,0,1,0,0,6,0,1,2,1,1,2,0,BABY_FOODS
46,adidas,0,0,1,0,0,1,0,0,0,6,1,0,3,1,0,2,0,BASEBALL_EQUIPMENT
47,axe,0,1,0,0,0,1,0,0,0,3,1,0,2,0,0,0,1,BASEBALL_EQUIPMENT
48,demarini,0,1,0,0,0,0,0,0,1,8,3,0,4,0,3,1,1,BASEBALL_EQUIPMENT
49,easton,0,0,0,1,0,1,0,0,0,6,1,1,3,1,1,1,0,BASEBALL_EQUIPMENT
50,franklin,0,0,0,1,0,0,1,0,0,8,1,0,2,1,4,1,0,BASEBALL_EQUIPMENT
51,gloveworks,0,0,1,0,0,0,0,0,1,10,1,2,3,2,3,2,0,BASEBALL_EQUIPMENT
52,maxbp,0,0,0,0,1,0,0,1,0,5,0,0,1,0,1,2,0,BASEBALL_EQUIPMENT
53,miken,0,0,0,1,0,0,0,1,0,5,2,0,2,0,2,1,0,BASEBALL_EQUIPMENT
54,prorollers,0,0,1,0,0,0,0,0,1,10,1,2,3,1,5,1,0,BASEBALL_EQUIPMENT
55,rawlings,0,0,1,0,0,0,0,1,0,8,1,0,2,1,4,1,0,BASEBALL_EQUIPMENT
56,ssk,0,0,0,0,1,0,1,0,0,3,0,0,0,2,0,1,0,BASEBALL_EQUIPMENT
57,wilson,0,0,0,1,0,0,0,1,0,6,1,1,2,1,3,0,0,BASEBALL_EQUIPMENT
58,acura,1,1,0,0,0,1,0,0,0,5,0,1,3,0,1,0,1,CARS_TRUCKS
59,audi,0,1,0,0,0,1,0,0,0,4,1,1,3,0,0,1,0,CARS_TRUCKS
60,bentley,0,1,0,0,0,0,0,0,1,7,3,0,2,0,3,2,1,CARS_TRUCKS
61,bmw,0,0,0,0,0,0,0,0,1,3,0,0,0,0,2,1,0,CARS_TRUCKS
62,buick,0,0,0,0,1,0,0,0,1,5,1,1,2,0,0,2,0,CARS_TRUCKS
63,cadillac,0,0,0,0,0,0,0,0,0,8,1,0,3,0,2,1,1,CARS_TRUCKS
64,chevrolet,0,0,0,0,1,0,1,0,0,9,2,1,3,2,2,1,0,CARS_TRUCKS
65,chrysler,0,0,0,1,0,0,1,0,0,8,1,0,1,2,4,0,1,CARS_TRUCKS
66,citroen,0,0,0,1,0,0,0,0,0,7,2,1,3,0,2,1,0,CARS_TRUCKS
67,dacia,1,1,0,0,0,0,0,0,1,5,1,0,3,0,0,1,1,CARS_TRUCKS
68,datsun,0,0,0,1,0,0,0,0,1,6,0,1,2,1,1,2,0,CARS_TRUCKS
69,dodge,0,1,1,0,0,0,0,0,1,5,1,1,2,0,0,3,0,CARS_TRUCKS
70,ferrari,0,1,0,0,0,0,1,0,0,7,2,0,3,1,3,0,1,CARS_TRUCKS
71,fiat,0,0,0,0,1,0,1,0,0,4,1,0,2,1,0,1,0,CARS_TRUCKS
72,ford,0,0,0,0,1,0,1,0,0,4,0,1,1,1,1,1,0,CARS_TRUCKS
73,genesis,0,0,1,0,0,0,0,0,1,7,3,0,3,2,1,1,0,CARS_TRUCKS
74,holden,0,0,0,1,0,0,0,0,0,6,1,1,2,0,2,1,0,CARS_TRUCKS
75,honda,1,1,0,0,0,0,0,0,0,5,0,1,2,0,1,1,1,CARS_TRUCKS
76,hyundai,0,1,0,0,0,0,0,0,0,7,1,1,3,0,2,1,1,CARS_TRUCKS
77,infiniti,0,1,0,0,0,1,0,0,0,8,4,0,4,1,2,1,1,CARS_TRUCKS
78,jaguar,0,0,0,1,0,0,1,0,0,6,0,1,3,1,1,1,0,CARS_TRUCKS
79,kia,1,1,0,0,0,0,0,0,1,3,1,0,2,0,0,1,1,CARS_TRUCKS
80,lexus,0,0,1,0,0,0,0,1,0,5,1,1,2,1,1,0,0,CARS_TRUCKS
81,lincoln,0,0,0,1,0,0,0,1,0,7,1,1,2,0,4,0,0,CARS_TRUCKS
82,maserati,0,1,0,0,0,0,0,1,0,8,2,0,4,1,2,1,1,CARS_TRUCKS
83,mazda,1,1,0,0,0,0,0,1,0,5,0,0,2,1,1,1,1,CARS_TRUCKS
84,mini,0,1,0,0,0,0,0,1,0,4,2,0,2,0,2,0,1,CARS_TRUCKS
85,mitsubishi,0,1,0,0,0,0,0,1,0,10,3,1,4,2,1,2,1,CARS_TRUCKS
86,nissan,0,0,0,1,0,0,0,1,0,6,1,0,2,2,2,0,0,CARS_TRUCKS
87,pagani,0,1,0,0,0,0,0,0,1,6,1,0,3,0,1,2,1,CARS_TRUCKS
88,peugeot,0,0,0,0,1,0,0,0,1,7,2,2,4,0,0,3,0,CARS_TRUCKS
89,porsche,0,1,0,0,0,0,0,0,1,7,1,1,2,2,1,1,1,CARS_TRUCKS
90,renault,0,0,0,0,1,0,0,1,0,7,1,1,3,0,3,1,0,CARS_TRUCKS
91,scion,0,0,0,1,0,0,1,0,0,5,1,1,2,1,1,0,0,CARS_TRUCKS
92,subaru,0,1,0,0,0,0,1,0,0,6,0,2,3,1,1,1,1,CARS_TRUCKS
93,suzuki,0,1,0,0,0,0,1,0,0,6,1,2,3,2,0,1,0,CARS_TRUCKS
94,tesla,1,1,0,0,0,0,0,0,1,5,1,0,2,1,1,1,1,CARS_TRUCKS
95,toyota,1,1,0,0,0,0,0,0,1,6,0,2,3,0,1,2,1,CARS_TRUCKS
96,vauxhall,0,0,0,1,0,0,1,0,0,8,0,1,3,1,2,0,0,CARS_TRUCKS
97,volkswagen,0,0,0,1,0,0,1,0,0,10,1,1,3,2,3,2,0,CARS_TRUCKS
98,volvo,0,1,0,0,0,0,1,0,0,5,0,2,2,2,1,0,0,CARS_TRUCKS
99,aerin,0,0,0,1,0,1,0,0,0,5,2,0,3,0,2,0,0,COSMETICS
100,allure,0,1,0,0,0,1,0,0,0,6,1,1,3,0,3,0,1,COSMETICS
101,almay,0,1,0,0,0,1,0,0,0,5,1,0,2,0,3,0,1,COSMETICS
102,alzeyna,1,1,0,0,0,1,0,0,0,7,1,0,3,1,3,0,1,COSMETICS
103,ambi,0,1,0,0,0,1,0,0,0,4,1,0,2,0,1,1,1,COSMETICS
104,anytime,0,1,0,0,0,1,0,0,0,7,2,0,3,0,3,1,1,COSMETICS
105,arbonne,0,1,0,0,0,1,0,0,0,7,1,1,3,0,3,1,1,COSMETICS
106,aritaum,0,0,0,1,0,1,0,0,0,7,1,1,4,0,2,1,0,COSMETICS
107,artistry,0,1,0,0,0,1,0,0,0,8,2,0,2,1,3,2,1,COSMETICS
108,aveda,1,1,0,0,0,1,0,0,0,5,1,0,3,1,0,1,1,COSMETICS
109,aveeno,0,1,0,0,0,1,0,0,0,6,1,1,4,1,1,0,1,COSMETICS
110,avon,0,0,0,1,0,1,0,0,0,4,0,1,2,1,1,0,0,COSMETICS
111,bareminerals,0,0,1,0,0,0,0,0,1,12,3,0,5,1,5,1,1,COSMETICS
112,beaucream,0,0,0,1,0,0,0,0,1,9,2,1,5,0,2,1,0,COSMETICS
113,beautyducts,0,0,1,0,0,0,0,0,1,11,1,2,4,1,1,4,0,COSMETICS
114,bezmyne,0,1,0,0,0,0,0,0,1,7,2,0,2,1,3,1,1,COSMETICS
115,biancey,0,1,0,0,0,0,0,0,1,7,3,0,3,0,2,1,1,COSMETICS
116,biotherm,0,0,0,1,0,0,0,0,1,8,2,1,3,1,2,2,0,COSMETICS
117,bodyography,0,1,0,0,0,0,0,0,1,11,1,2,3,0,3,4,0,COSMETICS
118,botanics,0,0,1,0,0,0,0,0,1,8,1,1,3,1,1,2,0,COSMETICS
119,brivmay,0,1,0,0,0,0,0,0,1,7,2,0,2,1,3,1,1,COSMETICS
120,burberry,0,1,0,0,0,0,0,0,1,8,2,1,2,0,4,2,1,COSMETICS
121,buxom,0,0,0,1,0,0,0,0,1,5,0,2,2,0,1,1,0,COSMETICS
122,caroia,1,1,0,0,0,0,0,0,0,6,1,1,4,0,1,0,1,COSMETICS
123,catrice,0,1,0,0,0,0,0,0,0,7,2,0,3,0,1,1,1,COSMETICS
124,chanel,0,0,0,1,0,0,1,0,0,6,1,0,2,1,2,0,0,COSMETICS
125,cilsfrance,0,1,0,0,0,0,0,0,0,10,2,0,3,2,3,0,1,COSMETICS
126,clarins,0,0,1,0,0,0,0,0,0,7,1,0,2,1,3,0,0,COSMETICS
127,clinique,0,1,0,0,0,0,0,0,0,8,3,1,4,0,2,0,1,COSMETICS
128,clio,0,1,0,0,0,0,0,0,0,4,1,1,2,0,1,0,0,COSMETICS
129,colorescience,0,1,0,0,0,0,0,0,0,13,3,2,6,1,3,0,1,COSMETICS
130,colourpop,0,0,0,0,1,0,0,0,0,9,0,3,4,0,2,2,0,COSMETICS
131,coty,0,1,0,0,0,0,0,0,0,4,1,1,1,0,1,1,0,COSMETICS
132,darieu,0,1,0,0,0,0,0,0,1,6,1,1,4,0,1,1,1,COSMETICS
133,dax,0,0,0,0,0,0,0,0,1,3,0,0,1,0,0,1,0,COSMETICS
134,dekliderm,0,0,0,1,0,0,0,0,1,9,3,0,3,0,3,3,0,COSMETICS
135,dermablend,0,0,0,0,1,0,0,0,1,10,2,0,3,0,4,3,0,COSMETICS
136,dermalox,0,0,0,0,0,0,0,0,1,8,1,1,3,0,3,1,1,COSMETICS
137,dinair,0,0,0,1,0,0,0,0,1,6,2,0,3,0,2,1,0,COSMETICS
138,dior,0,0,0,1,0,0,0,0,1,4,1,1,2,0,1,1,0,COSMETICS
139,dove,0,1,0,0,0,0,0,0,1,4,1,1,2,1,0,1,0,COSMETICS
140,ecotools,0,0,1,0,0,1,0,0,0,8,1,2,4,1,1,1,0,COSMETICS
141,elf,0,0,1,0,0,1,0,0,0,3,1,0,1,1,1,0,0,COSMETICS
142,espa,1,1,0,0,0,1,0,0,0,4,1,0,2,1,0,1,1,COSMETICS
143,essie,0,1,0,0,0,1,0,0,0,5,2,0,3,2,0,0,1,COSMETICS
144,flirt,0,0,0,0,1,0,1,0,0,5,1,0,1,1,2,1,0,COSMETICS
145,foreo,0,1,0,0,0,0,1,0,0,5,1,2,3,1,1,0,0,COSMETICS
146,fortunaye,0,1,0,0,0,0,1,0,0,9,1,2,4,1,3,1,0,COSMETICS
147,fullips,0,0,1,0,0,0,1,0,0,7,1,1,2,2,2,1,0,COSMETICS
148,glamalor,0,0,0,1,0,0,0,0,1,8,0,1,3,0,4,1,0,COSMETICS
149,glamglow,0,0,0,0,0,0,0,0,1,8,0,1,2,0,4,2,1,COSMETICS
150,gucci,0,1,0,0,0,0,0,0,1,5,1,1,2,0,0,1,0,COSMETICS
151,guerlain,0,0,0,1,0,0,0,0,1,8,2,1,4,0,3,1,0,COSMETICS
152,healthbeauto,0,1,0,0,0,0,0,0,0,12,2,2,6,1,1,3,0,COSMETICS
153,ifirmation,0,0,0,1,0,1,0,0,0,10,3,1,5,1,3,1,0,COSMETICS
154,jafra,1,1,0,0,0,0,1,0,0,5,0,0,2,2,1,0,1,COSMETICS
155,jane,0,1,0,0,0,0,1,0,0,4,1,0,2,1,1,0,1,COSMETICS
156,jergens,0,0,1,0,0,0,1,0,0,7,2,0,2,2,2,1,0,COSMETICS
157,julep,0,0,0,0,1,0,1,0,0,5,1,1,2,1,1,1,0,COSMETICS
158,korres,0,0,1,0,0,0,0,0,1,6,1,1,2,1,2,1,0,COSMETICS
159,lancome,0,1,0,0,0,0,0,1,0,7,1,1,3,0,3,0,1,COSMETICS
160,lorac,0,0,0,0,0,0,0,1,0,5,0,1,2,0,2,0,1,COSMETICS
161,lotus,0,0,1,0,0,0,0,1,0,5,0,2,2,1,1,1,0,COSMETICS
162,lubriderm,0,0,0,1,0,0,0,1,0,9,2,1,3,0,4,2,0,COSMETICS
163,lush,0,0,1,0,0,0,0,1,0,4,0,1,1,1,1,0,0,COSMETICS
164,lyrei,0,1,0,0,0,0,0,1,0,5,1,0,2,0,3,0,1,COSMETICS
165,mac,0,0,0,0,0,0,0,1,0,3,0,0,1,0,1,0,0,COSMETICS
166,manhattan,0,0,0,1,0,0,0,1,0,9,0,0,3,0,3,2,0,COSMETICS
167,milani,0,1,0,0,0,0,0,1,0,6,2,0,3,0,3,0,1,COSMETICS
168,monteil,0,0,0,1,0,0,0,1,0,7,1,1,3,0,3,1,0,COSMETICS
169,mychelle,0,1,0,0,0,0,0,1,0,8,2,0,2,1,4,0,1,COSMETICS
170,nars,0,0,1,0,0,0,0,1,0,4,0,0,1,1,2,0,0,COSMETICS
171,natura,1,1,0,0,0,0,0,1,0,6,0,1,3,0,2,1,1,COSMETICS
172,neova,1,1,0,0,0,0,0,1,0,5,1,1,3,1,1,0,1,COSMETICS
173,neutrogena,1,1,0,0,0,0,0,1,0,10,2,2,5,0,3,2,1,COSMETICS
174,nexacell,0,0,0,1,0,0,0,1,0,8,2,0,3,0,3,0,1,COSMETICS
175,novalash,0,0,1,0,0,0,0,1,0,8,0,1,3,2,2,0,0,COSMETICS
176,nyx,0,0,0,0,0,0,0,1,0,3,0,0,0,0,2,0,0,COSMETICS
177,ofra,1,1,0,0,0,1,0,0,0,4,0,1,2,1,1,0,1,COSMETICS
178,olay,0,1,0,0,0,1,0,0,0,4,1,1,2,0,2,0,1,COSMETICS
179,omorovicza,1,1,0,0,0,1,0,0,0,10,1,3,5,2,2,0,1,COSMETICS
180,oribe,0,1,0,0,0,1,0,0,0,5,2,1,3,0,1,1,0,COSMETICS
181,origins,0,0,1,0,0,1,0,0,0,7,2,1,3,1,2,1,0,COSMETICS
182,orlane,0,1,0,0,0,1,0,0,0,6,1,1,3,0,3,0,1,COSMETICS
183,physicians,0,0,1,0,0,0,0,0,1,10,2,0,3,2,2,1,0,COSMETICS
184,plumderma,1,1,0,0,0,0,0,0,1,9,1,1,3,0,4,2,1,COSMETICS
185,prescriptives,0,0,1,0,0,0,0,0,1,13,4,0,4,3,2,3,0,COSMETICS
186,proskin,0,0,0,1,0,0,0,0,1,7,1,1,2,1,2,2,0,COSMETICS
187,repechage,0,1,0,0,0,0,0,1,0,9,3,0,4,1,1,2,1,COSMETICS
188,revlon,0,0,0,1,0,0,0,1,0,6,1,1,2,1,3,0,0,COSMETICS
189,rimmel,0,0,0,1,0,0,0,1,0,6,2,0,2,0,4,0,0,COSMETICS
190,sarantis,0,0,1,0,0,0,1,0,0,8,1,0,3,2,2,1,0,COSMETICS
191,shiseido,0,1,0,0,0,0,1,0,0,8,2,1,4,2,0,1,0,COSMETICS
192,sidasta,1,1,0,0,0,0,1,0,0,7,1,0,3,2,0,2,1,COSMETICS
193,skinnight,0,0,0,0,1,0,1,0,0,9,2,0,2,1,2,3,0,COSMETICS
194,smashbox,0,0,0,0,0,0,1,0,0,8,0,1,2,2,1,1,0,COSMETICS
195,stila,1,1,0,0,0,0,1,0,0,5,1,0,2,1,1,1,1,COSMETICS
196,stowaway,0,1,0,0,0,0,1,0,0,8,1,1,3,1,3,1,1,COSMETICS
197,taras,0,0,1,0,0,0,0,0,1,5,0,0,2,1,1,1,0,COSMETICS
198,tarte,0,1,0,0,0,0,0,0,1,5,1,0,2,0,1,2,1,COSMETICS
199,trestique,0,1,0,0,0,0,0,0,1,9,3,1,4,1,1,2,1,COSMETICS
200,tribetats,0,0,1,0,0,0,0,0,1,9,2,0,3,1,1,4,0,COSMETICS
201,tritats,0,0,1,0,0,0,0,0,1,7,1,0,2,1,1,3,0,COSMETICS
202,trydermavie,0,1,0,0,0,0,0,0,1,11,2,0,4,1,4,2,1,COSMETICS
203,tweezerman,0,0,0,1,0,0,0,0,1,10,2,0,4,1,4,1,0,COSMETICS
204,tyra,1,1,0,0,0,0,0,0,1,4,0,0,1,0,2,1,1,COSMETICS
205,ulta,1,1,0,0,0,1,0,0,0,4,0,1,2,0,1,1,1,COSMETICS
206,unilever,0,0,0,1,0,1,0,0,0,8,3,1,4,1,3,0,0,COSMETICS
207,vichy,0,1,0,0,0,0,1,0,0,5,2,0,1,2,1,0,1,COSMETICS
208,xxv,0,0,1,0,0,0,0,0,0,3,0,0,0,1,0,0,0,COSMETICS
209,yourbeautyderm,0,0,0,1,0,0,0,1,0,14,2,2,6,0,5,3,0,COSMETICS
210,yuni,0,1,0,0,0,0,0,1,0,4,1,1,2,0,2,0,1,COSMETICS
211,zenjenskin,0,0,0,1,0,0,1,0,0,10,3,0,3,3,3,1,0,COSMETICS
212,aarp,0,0,0,0,1,1,0,0,0,4,0,0,2,0,1,1,0,FINANCIAL_SERVICES
213,amazon,0,0,0,1,0,1,0,0,0,6,0,1,3,1,2,0,0,FINANCIAL_SERVICES
214,artoken,0,0,0,1,0,1,0,0,0,7,1,1,3,0,2,2,0,FINANCIAL_SERVICES
215,bankrate,0,1,0,0,0,0,0,0,1,8,1,0,3,0,2,3,1,FINANCIAL_SERVICES
216,bitconcept,0,0,0,0,1,0,0,0,1,10,2,1,3,0,1,4,0,FINANCIAL_SERVICES
217,bitcosmos,0,0,1,0,0,0,0,0,1,9,1,2,3,2,1,2,0,FINANCIAL_SERVICES
218,bitquick,0,0,0,0,1,0,0,0,1,8,2,1,3,0,0,3,0,FINANCIAL_SERVICES
219,bitstrades,0,0,1,0,0,0,0,0,1,10,2,0,3,2,1,4,0,FINANCIAL_SERVICES
220,bittank,0,0,0,0,1,0,0,0,1,7,1,0,2,0,1,4,0,FINANCIAL_SERVICES
221,boscoin,0,0,0,1,0,0,0,0,1,7,1,2,3,1,1,1,0,FINANCIAL_SERVICES
222,brickblock,0,0,0,0,1,0,0,0,1,10,1,1,2,0,2,4,0,FINANCIAL_SERVICES
223,coinmama,1,1,0,0,0,0,0,0,0,8,1,1,4,0,3,0,1,FINANCIAL_SERVICES
224,compcoin,0,0,0,1,0,0,0,0,0,8,1,2,3,0,2,1,0,FINANCIAL_SERVICES
225,crypterium,0,0,0,1,0,0,0,0,0,10,2,1,3,0,4,2,0,FINANCIAL_SERVICES
226,currencyliquidator,0,0,0,1,0,0,0,0,0,18,3,3,7,0,6,2,0,FINANCIAL_SERVICES
227,ecocoins,0,0,1,0,0,1,0,0,0,8,2,2,4,1,1,0,0,FINANCIAL_SERVICES
228,eroscoin,0,0,0,1,0,1,0,0,0,8,2,2,4,1,2,0,0,FINANCIAL_SERVICES
229,evr,0,0,0,1,0,1,0,0,0,3,1,0,1,1,1,0,0,FINANCIAL_SERVICES
230,finney,0,1,0,0,0,0,1,0,0,6,3,0,2,1,3,0,1,FINANCIAL_SERVICES
231,fortrade,0,1,0,0,0,0,1,0,0,8,1,1,3,1,2,2,1,FINANCIAL_SERVICES
232,goldmint,0,0,0,0,1,0,0,0,1,8,1,1,2,0,3,3,0,FINANCIAL_SERVICES
233,herocoin,0,0,0,1,0,0,0,0,0,8,2,2,4,0,2,0,0,FINANCIAL_SERVICES
234,kencoin,0,0,0,1,0,0,0,0,1,7,2,1,3,0,2,1,0,FINANCIAL_SERVICES
235,kexcoin,0,0,0,1,0,0,0,0,1,7,2,1,3,0,1,1,0,FINANCIAL_SERVICES
236,kin,0,0,0,1,0,0,0,0,1,3,1,0,1,0,1,1,0,FINANCIAL_SERVICES
237,kitcoin,0,0,0,1,0,0,0,0,1,7,2,1,3,0,1,2,0,FINANCIAL_SERVICES
238,maincoin,0,0,0,1,0,0,0,1,0,8,2,1,4,0,3,0,0,FINANCIAL_SERVICES
239,megamine,0,1,0,0,0,0,0,1,0,8,3,0,4,0,3,1,1,FINANCIAL_SERVICES
240,meridian,0,0,0,1,0,0,0,1,0,8,3,0,4,0,3,1,1,FINANCIAL_SERVICES
241,mtfx,0,0,0,0,0,0,0,1,0,4,0,0,0,1,1,1,0,FINANCIAL_SERVICES
242,nametoken,0,0,0,1,0,0,0,1,0,9,2,1,4,0,3,2,0,FINANCIAL_SERVICES
243,ofx,0,0,0,0,0,1,0,0,0,3,0,1,1,1,0,0,0,FINANCIAL_SERVICES
244,paycent,0,0,0,0,1,0,0,0,1,7,1,0,2,0,2,2,0,FINANCIAL_SERVICES
245,paysafe,0,1,0,0,0,0,0,0,1,7,1,0,3,2,1,1,1,FINANCIAL_SERVICES
246,pendo,0,1,0,0,0,0,0,0,1,5,1,1,2,0,1,2,0,FINANCIAL_SERVICES
247,proequities,0,0,1,0,0,0,0,0,1,11,3,2,6,1,1,2,0,FINANCIAL_SERVICES
248,qvolta,1,1,0,0,0,0,0,0,0,6,0,1,2,1,1,1,1,FINANCIAL_SERVICES
249,recoin,0,0,0,1,0,0,0,1,0,6,2,1,3,0,2,0,0,FINANCIAL_SERVICES
250,rollmycoin,0,0,0,1,0,0,0,1,0,10,1,2,3,0,6,0,0,FINANCIAL_SERVICES
251,skincoin,0,0,0,1,0,0,1,0,0,8,2,1,3,1,2,1,0,FINANCIAL_SERVICES
252,smartmoney,0,1,0,0,0,0,1,0,0,10,2,1,3,1,5,1,1,FINANCIAL_SERVICES
253,sprig,0,0,0,0,1,0,1,0,0,5,1,0,1,1,1,2,0,FINANCIAL_SERVICES
254,tokendesk,0,0,0,0,1,0,0,0,1,9,2,1,3,1,1,4,0,FINANCIAL_SERVICES
255,tokenstars,0,0,1,0,0,0,0,0,1,10,1,1,3,2,2,3,0,FINANCIAL_SERVICES
256,usforex,0,0,0,0,0,1,0,0,0,7,1,2,3,2,1,0,0,FINANCIAL_SERVICES
257,adrenaline,0,1,0,0,0,1,0,0,0,10,3,0,5,0,4,1,1,BBQ
258,denmark,0,0,0,0,1,0,0,0,1,7,1,0,2,0,3,2,0,BBQ
259,kalamazoo,0,1,0,0,0,0,0,0,1,9,0,1,5,1,2,1,1,BBQ
260,kingsford,0,0,0,0,1,0,0,0,1,9,1,1,2,2,2,3,0,BBQ
261,texas,0,0,1,0,0,0,0,0,1,5,1,0,2,1,0,1,0,BBQ
262,weber,0,0,0,1,0,0,0,1,0,5,2,0,2,0,2,1,0,BBQ
263,agebeautiful,0,0,0,1,0,1,0,0,0,12,3,2,7,1,1,3,0,HAIR_PRODUCTS
264,alfaparf,0,0,1,0,0,1,0,0,0,8,0,0,3,2,2,1,0,HAIR_PRODUCTS
265,aveda,1,1,0,0,0,1,0,0,0,5,1,0,3,1,0,1,1,HAIR_PRODUCTS
266,avena,1,1,0,0,0,1,0,0,0,5,1,0,3,1,1,0,1,HAIR_PRODUCTS
267,bigen,0,0,0,1,0,0,0,0,1,5,2,0,2,0,1,2,0,HAIR_PRODUCTS
268,chromasilk,0,0,0,0,1,0,1,0,0,10,1,1,3,2,3,1,0,HAIR_PRODUCTS
269,clairol,0,0,0,1,0,0,0,0,0,7,1,1,3,0,3,0,0,HAIR_PRODUCTS
270,colordesign,0,0,0,1,0,0,0,0,0,11,2,2,4,1,3,2,0,HAIR_PRODUCTS
271,colorphlex,0,0,0,0,0,0,0,0,0,10,1,2,3,0,3,1,0,HAIR_PRODUCTS
272,colorproof,0,0,1,0,0,0,0,0,0,10,0,3,4,1,3,1,0,HAIR_PRODUCTS
273,colorsmash,0,0,1,0,0,0,0,0,0,10,0,2,3,2,3,0,0,HAIR_PRODUCTS
274,colortrak,0,0,0,0,1,0,0,0,0,9,0,2,3,0,3,2,0,HAIR_PRODUCTS
275,deciem,0,0,0,1,0,0,0,0,1,6,2,0,3,0,1,1,0,HAIR_PRODUCTS
276,dphue,0,1,0,0,0,0,0,0,1,5,1,1,2,0,0,2,0,HAIR_PRODUCTS
277,esalon,0,0,0,1,0,1,0,0,0,6,1,1,3,1,2,0,0,HAIR_PRODUCTS
278,hoyu,0,1,0,0,0,0,0,0,0,4,0,2,2,0,1,0,0,HAIR_PRODUCTS
279,inoa,1,1,0,0,0,1,0,0,0,4,1,1,3,0,1,0,1,HAIR_PRODUCTS
280,jonathan,0,0,0,1,0,0,1,0,0,8,0,1,3,2,2,1,0,HAIR_PRODUCTS
281,keune,0,1,0,0,0,0,0,0,1,5,2,1,3,0,1,1,1,HAIR_PRODUCTS
282,koleston,0,0,0,1,0,0,0,0,1,8,1,2,3,1,2,2,0,HAIR_PRODUCTS
283,lakme,0,1,0,0,0,0,0,1,0,5,1,0,2,0,2,1,1,HAIR_PRODUCTS
284,lanza,1,1,0,0,0,0,0,1,0,5,0,0,2,1,2,0,1,HAIR_PRODUCTS
285,leland,0,0,0,0,1,0,0,1,0,6,1,0,2,0,3,1,0,HAIR_PRODUCTS
286,naturtint,0,0,0,0,1,0,0,1,0,9,1,1,3,0,3,3,0,HAIR_PRODUCTS
287,oway,0,1,0,0,0,1,0,0,0,4,1,1,2,0,2,0,1,HAIR_PRODUCTS
288,paintglow,0,0,0,0,0,0,0,0,1,9,1,1,3,0,3,3,1,HAIR_PRODUCTS
289,pureology,0,1,0,0,0,0,0,0,1,9,2,3,4,0,3,2,0,HAIR_PRODUCTS
290,redken,0,0,0,1,0,0,0,1,0,6,2,0,2,0,2,2,0,HAIR_PRODUCTS
291,reparex,0,0,0,0,0,0,0,1,0,7,2,0,3,0,2,1,1,HAIR_PRODUCTS
292,satin,0,0,0,1,0,0,1,0,0,5,1,0,2,1,1,1,0,HAIR_PRODUCTS
293,schwarzkopf,0,0,1,0,0,0,1,0,0,11,0,1,2,4,2,2,0,HAIR_PRODUCTS
294,scruples,0,0,1,0,0,0,1,0,0,8,1,1,2,2,2,1,0,HAIR_PRODUCTS
295,splat,0,0,0,0,1,0,1,0,0,5,0,0,1,1,1,2,0,HAIR_PRODUCTS
296,tca,1,1,0,0,0,0,0,0,1,3,0,0,1,0,0,1,1,HAIR_PRODUCTS
297,tigi,0,1,0,0,0,0,0,0,1,4,2,0,2,0,0,2,1,HAIR_PRODUCTS
298,tressa,1,1,0,0,0,0,0,0,1,6,1,0,2,2,1,1,1,HAIR_PRODUCTS
299,wella,1,1,0,0,0,0,0,1,0,5,1,0,2,0,3,0,1,HAIR_PRODUCTS
300,abellan,0,0,0,1,0,1,0,0,0,7,1,0,3,0,3,1,0,JEWELRY
301,adora,1,1,0,0,0,1,0,0,0,5,0,1,3,0,1,1,1,JEWELRY
302,alamea,1,1,0,0,0,1,0,0,0,6,1,0,4,0,2,0,1,JEWELRY
303,albertos,0,0,1,0,0,1,0,0,0,8,1,1,3,1,2,2,0,JEWELRY
304,alishan,0,0,0,1,0,1,0,0,0,7,1,0,3,1,2,0,0,JEWELRY
305,alor,0,0,0,1,0,1,0,0,0,4,0,1,2,0,2,0,0,JEWELRY
306,amden,0,0,0,1,0,1,0,0,0,5,1,0,2,0,2,1,0,JEWELRY
307,amgad,0,0,0,0,1,1,0,0,0,5,0,0,2,0,1,2,0,JEWELRY
308,angelica,1,1,0,0,0,1,0,0,0,8,2,0,4,0,2,1,1,JEWELRY
309,anjolee,0,1,0,0,0,1,0,0,0,7,1,1,4,1,2,0,1,JEWELRY
310,annoushka,1,1,0,0,0,1,0,0,0,9,0,1,4,1,2,1,1,JEWELRY
311,antonini,0,1,0,0,0,1,0,0,0,8,2,1,4,0,3,1,1,JEWELRY
312,armenta,1,1,0,0,0,1,0,0,0,7,1,0,3,0,3,1,1,JEWELRY
313,arpas,0,0,1,0,0,1,0,0,0,5,0,0,2,1,1,1,0,JEWELRY
314,artcarved,0,0,0,0,1,1,0,0,0,9,1,0,3,1,2,2,0,JEWELRY
315,artemest,0,0,0,0,1,1,0,0,0,8,2,0,3,1,2,2,0,JEWELRY
316,artistry,0,1,0,0,0,1,0,0,0,8,2,0,2,1,3,2,1,JEWELRY
317,asher,0,0,0,1,0,1,0,0,0,5,1,0,2,1,1,0,0,JEWELRY
318,ashk,0,0,0,0,1,1,0,0,0,4,0,0,1,1,0,1,0,JEWELRY
319,asprey,0,1,0,0,0,1,0,0,0,6,2,0,2,1,2,1,1,JEWELRY
320,assael,0,0,0,1,0,1,0,0,0,6,1,0,3,2,1,0,0,JEWELRY
321,astoria,1,1,0,0,0,1,0,0,0,7,1,1,4,1,1,1,1,JEWELRY
322,attos,0,0,1,0,0,1,0,0,0,5,0,1,2,1,0,2,0,JEWELRY
323,australian,0,0,0,1,0,1,0,0,0,10,1,1,5,1,3,1,0,JEWELRY
324,baccarat,0,0,0,0,1,0,0,0,1,8,0,0,3,0,1,2,0,JEWELRY
325,baggins,0,0,1,0,0,0,0,0,1,7,1,0,2,1,1,3,0,JEWELRY
326,balenciaga,1,1,0,0,0,0,0,0,1,10,2,0,5,0,2,2,1,JEWELRY
327,bamboo,0,1,0,0,0,0,0,0,1,6,0,1,3,0,1,2,0,JEWELRY
328,barsky,0,1,0,0,0,0,0,0,1,6,1,0,1,1,2,2,1,JEWELRY
329,bayco,0,1,0,0,0,0,0,0,1,5,0,1,2,0,1,1,0,JEWELRY
330,becoming,0,0,0,1,1,0,0,0,1,8,2,1,3,0,2,2,0,JEWELRY
331,belfiore,0,1,0,0,0,0,0,0,1,8,3,1,4,1,2,1,1,JEWELRY
332,bellarri,0,1,0,0,0,0,0,0,1,8,2,0,3,0,4,1,1,JEWELRY
333,benchmark,0,0,0,0,1,0,0,0,1,9,1,0,2,1,3,2,0,JEWELRY
334,bijan,0,0,0,1,0,0,0,0,1,5,1,0,2,1,1,1,0,JEWELRY
335,bioring,0,0,0,1,1,0,0,0,1,7,2,1,3,0,2,2,0,JEWELRY
336,blvckout,0,0,0,0,1,0,0,0,1,8,0,1,2,1,1,3,0,JEWELRY
337,boma,1,1,0,0,0,0,0,0,1,4,0,1,2,0,1,1,1,JEWELRY
338,brayce,0,1,0,0,0,0,0,0,1,6,1,0,2,0,2,1,1,JEWELRY
339,breguet,0,0,0,0,1,0,0,0,1,7,2,1,3,0,1,3,0,JEWELRY
340,brighton,0,0,0,1,0,0,0,0,1,8,1,1,2,0,2,3,0,JEWELRY
341,brosway,0,1,0,0,0,0,0,0,1,7,1,1,2,1,3,1,1,JEWELRY
342,buccellati,0,1,0,0,0,0,0,0,1,10,2,1,4,0,2,2,1,JEWELRY
343,bulgari,0,1,0,0,0,0,0,0,1,7,1,1,3,0,2,2,0,JEWELRY
344,cadar,0,0,0,1,0,0,0,0,0,5,0,0,2,0,1,1,0,JEWELRY
345,canadamark,0,0,0,0,1,0,0,0,0,10,0,0,4,0,3,2,0,JEWELRY
346,carelle,0,1,0,0,0,0,0,0,0,7,2,0,3,0,3,0,1,JEWELRY
347,carlex,0,0,0,0,0,0,0,0,0,6,1,0,2,0,2,0,1,JEWELRY
348,carolee,0,1,0,0,0,0,0,0,0,7,1,1,4,0,2,0,1,JEWELRY
349,cartier,0,0,0,1,0,0,0,0,0,7,1,0,3,0,2,1,0,JEWELRY
350,catbird,0,0,0,0,1,0,0,0,0,7,1,0,2,0,1,3,0,JEWELRY
351,celtic,0,0,0,0,0,0,0,0,0,6,2,0,2,0,1,1,0,JEWELRY
352,chamilia,1,1,0,0,0,0,1,0,0,8,2,0,4,1,2,0,1,JEWELRY
353,chanel,0,0,0,1,0,0,1,0,0,6,1,0,2,1,2,0,0,JEWELRY
354,charriol,0,0,0,1,0,0,1,0,0,8,1,1,3,1,3,0,0,JEWELRY
355,chopard,0,0,0,0,1,0,1,0,0,7,0,1,2,1,1,2,0,JEWELRY
356,christofle,0,1,0,0,0,0,1,0,0,10,2,1,3,3,2,1,1,JEWELRY
357,chrysalis,0,0,1,0,0,0,1,0,0,9,1,0,2,3,3,0,0,JEWELRY
358,circa,1,1,0,0,0,0,0,0,0,5,1,0,2,0,1,0,1,JEWELRY
359,colibri,0,1,0,0,0,0,0,0,0,7,2,1,3,0,2,1,1,JEWELRY
360,coomi,0,1,0,0,0,0,0,0,0,5,1,1,3,0,1,0,1,JEWELRY
361,corso,0,1,0,0,0,0,0,0,0,5,0,2,2,1,1,0,0,JEWELRY
362,cosa,1,1,0,0,0,0,0,0,0,4,0,1,2,1,0,0,1,JEWELRY
363,crivelli,0,1,0,0,0,0,0,0,0,8,3,0,3,1,3,0,1,JEWELRY
364,crownring,0,0,0,1,1,0,0,0,0,9,1,1,2,0,5,1,0,JEWELRY
365,cruciani,0,1,0,0,0,0,0,0,0,8,2,1,4,0,2,0,1,JEWELRY
366,dabakarov,0,0,1,0,0,0,0,0,1,9,0,1,4,1,1,3,0,JEWELRY
367,dacarli,0,1,0,0,0,0,0,0,1,7,1,0,3,0,2,1,1,JEWELRY
368,damiani,0,1,0,0,0,0,0,0,1,7,2,0,4,0,2,1,1,JEWELRY
369,danhov,0,0,1,0,0,0,0,0,1,6,0,1,2,1,1,1,0,JEWELRY
370,dannijo,0,1,0,0,0,0,0,0,1,7,1,1,3,1,2,1,1,JEWELRY
371,dazzlers,0,0,1,0,0,0,0,0,1,8,1,0,2,3,2,1,0,JEWELRY
372,devocean,0,0,0,1,0,0,0,0,1,8,2,1,4,1,1,1,0,JEWELRY
373,dior,0,0,0,1,0,0,0,0,1,4,1,1,2,0,1,1,0,JEWELRY
374,djula,1,1,0,0,0,0,0,0,1,5,0,1,2,1,1,1,1,JEWELRY
375,dnea,1,1,0,0,0,0,0,0,1,4,1,0,2,0,1,1,1,JEWELRY
376,dorfman,0,0,0,1,0,0,0,0,1,7,0,1,2,1,3,1,0,JEWELRY
377,dtc,0,0,0,0,0,0,0,0,1,3,0,0,0,0,0,2,0,JEWELRY
378,dualitas,0,0,1,0,0,0,0,0,1,8,1,1,4,1,1,2,0,JEWELRY
379,dutchcollar,0,0,0,1,0,0,0,0,1,11,0,2,3,1,3,2,0,JEWELRY
380,dway,0,1,0,0,0,0,0,0,1,4,1,0,1,0,2,1,1,JEWELRY
381,earstuds,0,0,1,0,0,1,0,0,0,8,1,1,3,2,1,2,0,JEWELRY
382,effy,0,1,0,0,0,1,0,0,0,4,2,0,1,2,1,0,1,JEWELRY
383,eliko,0,1,0,0,0,1,0,0,0,5,2,1,3,0,1,1,0,JEWELRY
384,elle,0,1,0,0,0,1,0,0,0,4,2,0,2,0,2,0,1,JEWELRY
385,enso,0,1,0,0,0,1,0,0,0,4,1,1,2,1,1,0,0,JEWELRY
386,esquire,0,1,0,0,0,1,0,0,0,7,3,1,4,1,1,0,1,JEWELRY
387,ettika,1,1,0,0,0,1,0,0,0,6,2,0,3,0,0,3,1,JEWELRY
388,everband,0,0,0,0,1,1,0,0,0,8,2,0,3,1,2,2,0,JEWELRY
389,evocateur,0,0,0,1,0,1,0,0,0,9,2,2,5,1,1,1,0,JEWELRY
390,faberge,0,1,0,0,0,0,1,0,0,7,2,0,3,1,1,2,1,JEWELRY
391,feri,0,1,0,0,0,0,1,0,0,4,2,0,2,1,1,0,1,JEWELRY
392,forevermark,0,0,0,0,1,0,1,0,0,11,2,1,4,2,4,1,0,JEWELRY
393,forziani,0,1,0,0,0,0,1,0,0,8,2,1,4,2,2,0,1,JEWELRY
394,gamiss,0,0,1,0,0,0,0,0,1,6,1,0,2,2,1,1,0,JEWELRY
395,gemfields,0,0,1,0,0,0,0,0,1,9,2,0,3,2,2,2,0,JEWELRY
396,gemiana,1,1,0,0,0,0,0,0,1,7,2,0,4,0,2,1,1,JEWELRY
397,gemio,0,1,0,0,0,0,0,0,1,5,2,1,3,0,1,1,1,JEWELRY
398,gemvision,0,0,0,1,0,0,0,0,1,9,3,1,4,2,2,1,0,JEWELRY
399,genesis,0,0,1,0,0,0,0,0,1,7,3,0,3,2,1,1,0,JEWELRY
400,gia,1,1,0,0,0,0,0,0,1,3,1,0,2,0,0,1,1,JEWELRY
401,gielo,0,1,0,0,0,0,0,0,1,5,1,1,3,0,1,1,1,JEWELRY
402,givenchy,0,1,0,0,0,0,0,0,1,8,3,0,2,2,2,1,1,JEWELRY
403,gm,0,0,0,1,0,0,0,0,1,2,0,0,0,0,1,1,0,JEWELRY
404,goldman,0,0,0,1,0,0,0,0,1,7,0,1,2,0,3,2,0,JEWELRY
405,goldstein,0,0,0,1,0,0,0,0,1,9,1,1,3,1,2,3,0,JEWELRY
406,gothrider,0,0,0,1,0,0,0,0,1,9,2,1,3,1,2,3,0,JEWELRY
407,graff,0,0,1,0,0,0,0,0,1,5,0,0,1,2,1,1,0,JEWELRY
408,gucci,0,1,0,0,0,0,0,0,1,5,1,1,2,0,0,1,0,JEWELRY
409,gurhan,0,0,0,1,0,0,0,0,1,6,0,1,2,0,2,1,0,JEWELRY
410,happylaulea,1,1,0,0,0,0,0,0,0,11,1,1,5,0,3,2,1,JEWELRY
411,henne,0,1,0,0,0,0,0,0,0,5,2,0,2,0,2,0,1,JEWELRY
412,herco,0,1,0,0,0,0,0,0,0,5,1,1,2,0,1,0,0,JEWELRY
413,hermes,0,0,1,0,0,0,0,0,0,6,2,0,2,1,2,0,0,JEWELRY
414,hidalgo,0,1,0,0,0,0,0,0,0,7,1,1,3,0,1,2,0,JEWELRY
415,hinsongayle,0,1,0,0,0,0,0,0,0,11,2,1,4,1,4,1,1,JEWELRY
416,hiraco,0,1,0,0,0,0,0,0,0,6,1,1,3,0,1,0,0,JEWELRY
417,honora,1,1,0,0,0,0,0,0,0,6,0,2,3,0,2,0,1,JEWELRY
418,hublot,0,0,0,0,1,0,0,0,0,6,0,2,2,0,1,2,0,JEWELRY
419,induo,0,1,0,0,0,1,0,0,0,5,1,2,3,0,1,1,1,JEWELRY
420,inox,0,0,0,0,0,1,0,0,0,4,1,1,2,0,1,0,0,JEWELRY
421,ippolita,1,1,0,0,0,1,0,0,0,8,2,1,4,0,1,3,1,JEWELRY
422,ironman,0,0,0,1,0,1,0,0,0,7,1,1,3,0,4,0,0,JEWELRY
423,isharya,1,1,0,0,0,1,0,0,0,7,1,0,3,1,2,0,1,JEWELRY
424,jennybird,0,0,0,0,1,0,1,0,0,9,2,0,2,1,4,2,0,JEWELRY
425,jeulia,1,1,0,0,0,0,1,0,0,6,2,1,4,1,1,0,1,JEWELRY
426,jewelex,0,0,0,0,0,0,1,0,0,7,3,0,3,1,2,0,0,JEWELRY
427,jewelmer,0,0,0,1,0,0,1,0,0,8,3,0,3,1,4,0,1,JEWELRY
428,joden,0,0,0,1,0,0,1,0,0,5,1,1,2,1,1,1,0,JEWELRY
429,jostens,0,0,1,0,0,0,1,0,0,7,1,1,2,3,1,1,0,JEWELRY
430,kameleon,0,0,0,1,0,0,0,0,1,8,2,1,4,0,3,1,0,JEWELRY
431,kgk,0,0,0,0,1,0,0,0,1,3,0,0,0,0,0,3,0,JEWELRY
432,khailo,0,1,0,0,0,0,0,0,1,6,1,1,3,0,1,1,1,JEWELRY
433,khom,0,0,0,1,0,0,0,0,1,4,0,1,1,0,1,1,0,JEWELRY
434,kiran,0,0,0,1,0,0,0,0,1,5,1,0,2,0,2,1,0,JEWELRY
435,kkgi,0,1,0,0,0,0,0,0,1,4,1,0,1,0,0,3,0,JEWELRY
436,kobelli,0,1,0,0,0,0,0,0,1,7,2,1,3,0,2,2,1,JEWELRY
437,kozi,0,1,0,0,0,0,0,0,1,4,1,1,2,1,0,1,0,JEWELRY
438,krikawa,1,1,0,0,0,0,0,0,1,7,1,0,3,0,2,2,1,JEWELRY
439,kristall,0,0,0,1,0,0,0,0,1,8,1,0,2,1,3,2,0,JEWELRY
440,kwiat,0,0,0,0,1,0,0,0,1,5,1,0,2,0,1,2,0,JEWELRY
441,lagos,0,0,1,0,0,0,0,1,0,5,0,1,2,1,1,1,0,JEWELRY
442,lalique,0,1,0,0,0,0,0,1,0,7,2,1,4,0,2,0,1,JEWELRY
443,lana,1,1,0,0,0,0,0,1,0,4,0,0,2,0,2,0,1,JEWELRY
444,lashbrook,0,0,0,0,1,0,0,1,0,9,0,1,3,1,2,2,0,JEWELRY
445,lavaggi,0,1,0,0,0,0,0,1,0,7,1,0,3,1,1,2,1,JEWELRY
446,leslie,0,1,0,0,0,0,0,1,0,6,2,0,3,1,2,0,1,JEWELRY
447,lili,0,1,0,0,0,0,0,1,0,4,2,0,2,0,2,0,1,JEWELRY
448,livingstone,0,1,0,0,0,0,0,1,0,11,3,1,4,2,3,2,1,JEWELRY
449,lokai,0,1,0,0,0,0,0,1,0,5,1,1,3,0,1,1,1,JEWELRY
450,lotus,0,0,1,0,0,0,0,1,0,5,0,2,2,1,1,1,0,JEWELRY
451,lunkae,0,1,0,0,0,0,0,1,0,6,1,1,3,0,2,1,1,JEWELRY
452,luvente,0,1,0,0,0,0,0,1,0,7,2,1,3,1,2,1,1,JEWELRY
453,madani,0,1,0,0,0,0,0,1,0,6,1,0,3,0,2,1,1,JEWELRY
454,majorica,1,1,0,0,0,0,0,1,0,8,1,1,4,1,2,0,1,JEWELRY
455,mantraband,0,0,0,0,1,0,0,1,0,10,0,0,3,0,4,3,0,JEWELRY
456,marika,1,1,0,0,0,0,0,1,0,6,1,0,3,0,2,1,1,JEWELRY
457,marli,0,1,0,0,0,0,0,1,0,5,1,0,2,0,3,0,1,JEWELRY
458,mastoloni,0,1,0,0,0,0,0,1,0,9,1,2,4,1,3,1,0,JEWELRY
459,mattioli,0,1,0,0,0,0,0,1,0,8,2,1,4,0,2,2,1,JEWELRY
460,messika,1,1,0,0,0,0,0,1,0,7,2,0,3,2,1,1,1,JEWELRY
461,metalicious,0,0,1,0,0,0,0,1,0,11,3,1,6,1,2,1,0,JEWELRY
462,miansai,0,1,0,0,0,0,0,1,0,7,2,0,4,1,2,0,1,JEWELRY
463,michele,0,1,0,0,0,0,0,1,0,7,3,0,3,1,2,0,1,JEWELRY
464,michou,0,1,0,0,0,0,0,1,0,6,1,1,3,1,1,0,1,JEWELRY
465,midas,0,0,1,0,0,0,0,1,0,5,1,0,2,1,1,1,0,JEWELRY
466,mikimoto,0,1,0,0,0,0,0,1,0,8,2,2,4,0,2,2,0,JEWELRY
467,milano,0,1,0,0,0,0,0,1,0,6,1,1,3,0,3,0,1,JEWELRY
468,mioro,0,1,0,0,0,0,0,1,0,5,1,2,3,0,2,0,0,JEWELRY
469,misahara,1,1,0,0,0,0,0,1,0,8,1,0,4,1,2,0,1,JEWELRY
470,mister,0,0,0,1,0,0,0,1,0,6,2,0,2,1,2,1,0,JEWELRY
471,mokumeganeya,1,1,0,0,0,0,0,1,0,12,2,2,6,0,4,2,1,JEWELRY
472,movado,0,1,0,0,0,0,0,1,0,6,0,2,3,1,1,1,1,JEWELRY
473,murat,0,0,0,0,1,0,0,1,0,5,0,1,2,0,2,1,0,JEWELRY
474,muzo,0,1,0,0,0,0,0,1,0,4,0,2,2,1,1,0,1,JEWELRY
475,naledi,0,1,0,0,0,0,0,1,0,6,2,0,3,0,2,1,1,JEWELRY
476,nambe,0,1,0,0,0,0,0,1,0,5,1,0,2,0,2,1,1,JEWELRY
477,nelson,0,0,0,1,0,0,0,1,0,6,1,1,2,1,3,0,0,JEWELRY
478,nialaya,1,1,0,0,0,0,0,1,0,7,1,0,4,0,3,0,1,JEWELRY
479,ninacci,0,1,0,0,0,0,0,1,0,7,2,0,3,0,2,0,1,JEWELRY
480,nuvoboho,0,1,0,0,0,0,0,1,0,8,0,4,4,1,1,1,0,JEWELRY
481,omega,1,1,0,0,0,1,0,0,0,5,1,1,3,0,1,1,1,JEWELRY
482,onecklace,0,1,0,0,0,1,0,0,0,9,2,1,4,0,2,1,1,JEWELRY
483,oressence,0,1,0,0,0,1,0,0,0,9,3,1,4,2,2,0,1,JEWELRY
484,ovadia,1,1,0,0,0,1,0,0,0,6,1,1,4,1,0,1,1,JEWELRY
485,pampillonia,1,1,0,0,0,0,0,0,1,11,2,1,5,0,4,2,1,JEWELRY
486,pandora,1,1,0,0,0,0,0,0,1,7,0,1,3,0,2,2,1,JEWELRY
487,paragon,0,0,0,1,0,0,0,0,1,7,0,1,3,0,2,2,0,JEWELRY
488,persona,1,1,0,0,0,0,0,0,1,7,1,1,3,1,2,1,1,JEWELRY
489,piaget,0,0,0,0,1,0,0,0,1,6,2,0,3,0,0,3,0,JEWELRY
490,picchiotti,0,1,0,0,0,0,0,0,1,10,3,1,4,1,0,3,0,JEWELRY
491,platini,0,1,0,0,0,0,0,0,1,7,2,0,3,0,2,2,1,JEWELRY
492,platinum,0,0,0,1,0,0,0,0,1,8,1,1,3,0,3,2,0,JEWELRY
493,pomellato,0,1,0,0,0,0,0,0,1,9,1,2,4,0,3,2,0,JEWELRY
494,preciosa,1,1,0,0,0,0,0,0,1,8,2,1,4,1,1,1,1,JEWELRY
495,pyrrha,1,1,0,0,0,0,0,0,1,6,0,0,1,0,3,1,1,JEWELRY
496,qalo,0,1,0,0,0,0,0,0,0,4,0,1,2,0,1,0,1,JEWELRY
497,rahaminov,0,0,1,0,0,0,0,1,0,9,1,1,4,1,3,0,0,JEWELRY
498,rajola,1,1,0,0,0,0,0,1,0,6,0,1,3,1,2,0,1,JEWELRY
499,rdi,0,1,0,0,0,0,0,1,0,3,1,0,1,0,1,1,1,JEWELRY
500,rebecca,1,1,0,0,0,0,0,1,0,7,2,0,3,0,1,1,1,JEWELRY
501,relica,1,1,0,0,0,0,0,1,0,6,2,0,3,0,2,0,1,JEWELRY
502,repossi,0,1,0,0,0,0,0,1,0,7,2,1,3,2,1,1,0,JEWELRY
503,ritani,0,1,0,0,0,0,0,1,0,6,2,0,3,0,2,1,1,JEWELRY
504,rmc,0,0,0,0,0,0,0,1,0,3,0,0,0,0,2,0,0,JEWELRY
505,rommanel,0,0,0,1,0,0,0,1,0,8,1,1,3,0,5,0,0,JEWELRY
506,rosemarie,0,1,0,0,0,0,0,1,0,9,2,1,5,1,3,0,1,JEWELRY
507,roxy,0,1,0,0,0,0,0,1,0,4,1,1,1,0,2,0,1,JEWELRY
508,schaffrath,0,0,1,0,0,0,1,0,0,10,0,0,2,5,1,1,0,JEWELRY
509,sequel,0,0,0,1,0,0,1,0,0,6,2,1,3,1,1,0,0,JEWELRY
510,serinium,0,0,0,1,0,0,1,0,0,8,3,1,4,1,3,0,0,JEWELRY
511,shinola,1,1,0,0,0,0,1,0,0,7,1,1,3,1,2,0,1,JEWELRY
512,sibilia,1,1,0,0,0,0,1,0,0,7,3,0,4,1,1,1,1,JEWELRY
513,signity,0,1,0,0,0,0,1,0,0,7,3,0,2,1,2,2,1,JEWELRY
514,sindbad,0,0,0,0,1,0,1,0,0,7,1,0,2,1,1,3,0,JEWELRY
515,skagen,0,0,0,1,0,0,1,0,0,6,1,0,2,1,1,2,0,JEWELRY
516,skydin,0,0,0,1,0,0,1,0,0,6,1,0,1,1,2,2,0,JEWELRY
517,snbt,0,0,0,0,1,0,1,0,0,4,0,0,0,1,1,2,0,JEWELRY
518,soko,0,1,0,0,0,0,1,0,0,4,0,2,2,1,0,1,0,JEWELRY
519,soleil,0,0,0,1,0,0,1,0,0,6,1,1,3,1,2,0,0,JEWELRY
520,sollbergers,0,0,1,0,0,0,1,0,0,11,2,1,3,2,4,2,0,JEWELRY
521,somers,0,0,1,0,0,0,1,0,0,6,1,1,2,2,2,0,0,JEWELRY
522,somor,0,0,0,1,0,0,1,0,0,5,0,2,2,1,2,0,0,JEWELRY
523,sorrelli,0,1,0,0,0,0,1,0,0,8,2,1,3,1,4,0,1,JEWELRY
524,spark,0,0,0,0,1,0,1,0,0,5,0,0,1,1,1,2,0,JEWELRY
525,spb,0,0,0,0,1,0,1,0,0,3,0,0,0,1,0,2,0,JEWELRY
526,speechlust,0,0,0,0,1,0,1,0,0,10,1,1,3,3,1,2,0,JEWELRY
527,stauer,0,0,0,1,0,0,1,0,0,6,1,1,3,1,1,1,0,JEWELRY
528,stuller,0,0,0,1,0,0,1,0,0,7,1,1,2,1,3,1,0,JEWELRY
529,swarovski,0,1,0,0,0,0,1,0,0,9,1,1,3,3,2,1,1,JEWELRY
530,swatch,0,0,1,0,0,0,1,0,0,6,0,0,1,2,1,1,0,JEWELRY
531,sylvie,0,1,0,0,0,0,1,0,0,6,1,0,2,2,2,0,1,JEWELRY
532,szor,0,0,0,1,0,0,1,0,0,4,0,1,1,2,1,0,0,JEWELRY
533,tacori,0,1,0,0,0,0,0,0,1,6,1,1,3,0,1,1,1,JEWELRY
534,taj,0,0,0,0,0,0,0,0,1,3,0,0,1,1,0,1,0,JEWELRY
535,takat,0,0,0,0,1,0,0,0,1,5,0,0,2,0,0,3,0,JEWELRY
536,takohl,0,0,0,1,0,0,0,0,1,6,0,1,2,0,1,2,0,JEWELRY
537,tateossian,0,0,0,1,0,0,0,0,1,10,2,1,5,2,1,2,0,JEWELRY
538,technaoro,0,1,0,0,0,0,0,0,1,9,1,2,4,1,2,1,0,JEWELRY
539,teno,0,1,0,0,0,0,0,0,1,4,1,1,2,0,1,1,0,JEWELRY
540,tenoara,1,1,0,0,0,0,0,0,1,7,1,1,4,0,2,1,1,JEWELRY
541,thorsten,0,0,0,1,0,0,1,0,1,8,1,1,2,2,2,2,0,JEWELRY
542,tiffany,0,1,0,0,0,0,0,0,1,7,2,0,2,2,2,1,1,JEWELRY
543,titanium,0,0,0,1,0,0,0,0,1,8,2,1,4,0,2,2,0,JEWELRY
544,tous,0,0,1,0,0,0,0,0,1,4,0,1,2,1,0,1,0,JEWELRY
545,tribes,0,0,1,0,0,0,0,0,1,6,2,0,2,1,1,2,0,JEWELRY
546,triton,0,0,0,1,0,0,0,0,1,6,1,1,2,0,2,2,0,JEWELRY
547,tritonraw,0,0,0,0,0,0,0,0,1,9,1,1,3,0,4,2,1,JEWELRY
548,trollbeads,0,0,1,0,0,0,0,0,1,10,1,1,3,1,3,3,0,JEWELRY
549,twogether,0,0,0,1,0,0,0,0,1,9,2,1,3,1,2,3,0,JEWELRY
550,unavelo,0,1,0,0,0,1,0,0,0,7,1,2,4,1,2,0,0,JEWELRY
551,uneek,0,0,0,0,1,1,0,0,0,5,1,1,3,0,1,1,0,JEWELRY
552,uni,0,1,0,0,0,1,0,0,0,3,1,1,2,0,1,0,0,JEWELRY
553,valentino,0,1,0,0,0,0,1,0,0,9,2,1,4,1,3,1,1,JEWELRY
554,valina,1,1,0,0,0,0,1,0,0,6,1,0,3,1,2,0,1,JEWELRY
555,vantani,0,1,0,0,0,0,1,0,0,7,1,0,3,1,2,1,1,JEWELRY
556,vendorafa,1,1,0,0,0,0,1,0,0,9,1,1,4,2,2,1,1,JEWELRY
557,verdura,1,1,0,0,0,0,1,0,0,7,1,1,3,1,2,1,1,JEWELRY
558,verragio,0,1,0,0,0,0,1,0,0,8,2,1,4,1,2,1,1,JEWELRY
559,versace,0,1,0,0,0,0,1,0,0,7,2,0,3,2,1,0,1,JEWELRY
560,vhernier,0,0,0,1,0,0,1,0,0,8,2,0,3,1,3,0,1,JEWELRY
561,vicenza,1,1,0,0,0,0,1,0,0,7,2,0,3,2,1,0,1,JEWELRY
562,victoria,1,1,0,0,0,0,1,0,0,8,2,1,4,1,1,1,1,JEWELRY
563,vivaan,0,0,0,1,0,0,1,0,0,6,1,0,3,2,1,0,0,JEWELRY
564,wanderer,0,0,0,1,0,0,0,1,0,8,2,0,3,0,4,1,1,JEWELRY
565,wellendorff,0,0,1,0,0,0,0,1,0,11,2,1,3,2,5,1,0,JEWELRY
566,wlc,0,0,0,0,0,0,0,1,0,3,0,0,0,0,2,0,0,JEWELRY
567,ych,0,0,1,0,0,0,0,1,0,3,0,0,0,1,1,0,0,JEWELRY
568,yvel,0,0,0,1,0,0,0,1,0,4,1,0,1,1,2,0,0,JEWELRY
569,zanggarts,0,0,1,0,0,0,1,0,0,9,0,0,2,2,2,3,0,JEWELRY
570,zeeba,1,1,0,0,0,0,1,0,0,5,1,0,3,1,0,1,1,JEWELRY
571,zeghani,0,1,0,0,0,0,1,0,0,7,2,0,3,1,1,1,1,JEWELRY
572,zen,0,0,0,1,0,0,1,0,0,3,1,0,1,1,1,0,0,JEWELRY
573,zenger,0,0,0,1,0,0,1,0,0,6,2,0,2,1,2,1,0,JEWELRY
574,zenove,0,1,0,0,0,0,1,0,0,6,2,1,3,2,1,0,1,JEWELRY
575,ziggit,0,0,0,0,1,0,1,0,0,6,2,0,2,1,0,3,0,JEWELRY
576,zorrata,1,1,0,0,0,0,1,0,0,7,0,1,3,1,2,1,1,JEWELRY
577,zydo,0,1,0,0,0,0,1,0,0,4,0,1,1,1,1,1,0,JEWELRY
578,axe,0,1,0,0,0,1,0,0,0,3,1,0,2,0,0,0,1,MEN_HAIRCARE
579,cremo,0,1,0,0,0,0,0,0,0,5,1,1,2,0,2,0,1,MEN_HAIRCARE
580,fisticuffs,0,0,1,0,0,0,1,0,0,10,2,1,3,5,0,1,0,MEN_HAIRCARE
581,hilee,0,1,0,0,0,0,0,0,0,5,2,0,3,0,1,0,1,MEN_HAIRCARE
582,jax,0,0,0,0,0,0,1,0,0,3,0,0,1,1,0,0,0,MEN_HAIRCARE
583,kiehls,0,0,1,0,0,0,0,0,1,6,1,0,2,1,1,1,0,MEN_HAIRCARE
584,murrays,0,0,1,0,0,0,0,1,0,7,0,1,2,1,4,0,0,MEN_HAIRCARE
585,rogaine,0,1,0,0,0,0,0,1,0,7,2,1,4,0,2,1,1,MEN_HAIRCARE
586,contenders,0,0,1,0,0,0,0,0,0,10,2,1,3,1,3,2,0,MEN_UNDERWEAR
587,dailyjocks,0,0,1,0,0,0,0,0,1,10,1,1,3,2,2,2,0,MEN_UNDERWEAR
588,diesel,0,0,0,1,0,0,0,0,1,6,2,0,3,1,1,1,0,MEN_UNDERWEAR
589,eroix,0,0,0,0,0,1,0,0,0,5,2,1,3,0,1,0,0,MEN_UNDERWEAR
590,frigo,0,1,0,0,0,0,1,0,0,5,1,1,2,1,1,1,0,MEN_UNDERWEAR
591,hanes,0,0,1,0,0,0,0,0,0,5,1,0,2,1,1,0,0,MEN_UNDERWEAR
592,mypakage,0,1,0,0,0,0,0,1,0,8,1,0,3,0,2,3,1,MEN_UNDERWEAR
593,saxx,0,0,0,0,0,0,1,0,0,4,0,0,1,1,0,0,0,MEN_UNDERWEAR
594,sheath,0,0,1,0,0,0,1,0,0,6,1,0,2,2,0,1,0,MEN_UNDERWEAR
595,spanx,0,0,0,0,0,0,1,0,0,5,0,0,1,1,1,1,1,MEN_UNDERWEAR
596,tani,0,1,0,0,0,0,0,0,1,4,1,0,2,0,1,1,1,MEN_UNDERWEAR
597,ufm,0,0,0,1,0,1,0,0,0,3,0,1,1,1,1,0,0,MEN_UNDERWEAR
598,wolsey,0,1,0,0,0,0,0,1,0,6,2,1,2,1,3,0,1,MEN_UNDERWEAR
599,aeroprecision,0,0,0,1,0,1,0,0,0,13,4,2,7,1,3,1,0,MILITARY
600,airbus,0,0,1,0,0,1,0,0,0,6,1,1,3,1,1,1,0,MILITARY
601,austal,0,0,0,1,0,1,0,0,0,6,0,1,3,1,1,1,0,MILITARY
602,barracuda,1,1,0,0,0,0,0,0,1,9,0,1,4,0,2,2,1,MILITARY
603,barrett,0,0,0,0,1,0,0,0,1,7,1,0,2,0,2,3,0,MILITARY
604,battelle,0,1,0,0,0,0,0,0,1,8,2,0,3,0,2,3,1,MILITARY
605,boecore,0,1,0,0,0,0,0,0,1,7,2,2,4,0,1,1,0,MILITARY
606,boeing,0,0,0,1,1,0,0,0,1,6,1,1,3,0,1,2,0,MILITARY
607,cobham,0,0,0,1,0,0,0,0,0,6,0,1,2,0,1,1,0,MILITARY
608,dsei,0,1,0,0,0,0,0,0,1,4,1,0,2,1,0,1,1,MILITARY
609,embraer,0,0,0,1,0,1,0,0,0,7,2,0,3,0,3,1,1,MILITARY
610,esw,0,0,0,0,0,1,0,0,0,3,1,0,1,1,1,0,1,MILITARY
611,honeywell,0,0,0,1,0,0,0,0,0,9,2,1,3,0,5,0,0,MILITARY
612,iai,0,1,0,0,0,1,0,0,0,3,2,0,3,0,0,0,1,MILITARY
613,mbda,1,1,0,0,0,0,0,1,0,4,0,0,1,0,1,2,1,MILITARY
614,mtu,0,1,0,0,0,0,0,1,0,3,0,1,1,0,1,1,0,MILITARY
615,oshkosh,0,0,1,0,0,1,0,0,0,7,0,2,2,2,0,1,0,MILITARY
616,rafael,0,0,0,1,0,0,0,1,0,6,1,0,3,1,2,0,0,MILITARY
617,raytheon,0,0,0,1,0,0,0,1,0,8,1,1,3,1,3,1,0,MILITARY
618,skedco,0,1,0,0,0,0,1,0,0,6,1,1,2,1,0,2,0,MILITARY
619,snc,0,0,0,0,0,0,1,0,0,3,0,0,0,1,1,0,0,MILITARY
620,src,0,0,0,0,0,0,1,0,0,3,0,0,0,1,1,0,0,MILITARY
621,textron,0,0,0,1,0,0,0,0,1,7,1,1,2,0,2,2,0,MILITARY
622,aaladin,0,0,0,1,0,1,0,0,0,7,1,0,4,0,2,1,0,POWER_TOOLS
623,accuquilt,0,0,0,0,1,1,0,0,0,9,1,2,4,0,1,1,0,POWER_TOOLS
624,acdelco,0,1,0,0,0,1,0,0,0,7,1,1,3,0,1,1,0,POWER_TOOLS
625,acradyne,0,1,0,0,0,1,0,0,0,8,1,0,3,0,3,1,1,POWER_TOOLS
626,aircat,0,0,0,0,1,1,0,0,0,6,1,0,3,0,1,1,0,POWER_TOOLS
627,airvantage,0,1,0,0,0,1,0,0,0,10,2,0,5,1,2,2,1,POWER_TOOLS
628,alemite,0,1,0,0,0,1,0,0,0,7,3,0,4,0,2,1,1,POWER_TOOLS
629,armorthane,0,1,0,0,0,1,0,0,0,10,1,1,4,1,4,1,1,POWER_TOOLS
630,armstrong,0,0,0,1,1,1,0,0,0,9,0,1,2,1,4,2,0,POWER_TOOLS
631,aven,0,0,0,1,0,1,0,0,0,4,1,0,2,1,1,0,0,POWER_TOOLS
632,bartell,0,0,0,1,0,0,0,0,1,7,1,0,2,0,3,2,0,POWER_TOOLS
633,bernzomatic,0,0,0,0,0,0,0,0,1,11,2,1,4,1,3,2,0,POWER_TOOLS
634,bessey,0,1,0,0,0,0,0,0,1,6,3,0,2,2,1,1,1,POWER_TOOLS
635,bikemaster,0,0,0,1,0,0,0,0,1,10,3,0,4,1,2,3,0,POWER_TOOLS
636,biteharder,0,0,0,1,0,0,0,0,1,10,3,0,4,0,2,3,0,POWER_TOOLS
637,bosch,0,0,1,0,0,0,0,0,1,5,0,1,1,2,0,1,0,POWER_TOOLS
638,bostitch,0,0,1,0,0,0,0,0,1,8,1,1,2,2,0,3,0,POWER_TOOLS
639,bowclamp,0,0,0,0,1,0,0,0,1,8,0,1,2,0,3,2,0,POWER_TOOLS
640,bowtie,0,1,0,0,0,0,0,0,1,6,1,1,3,0,1,2,0,POWER_TOOLS
641,bristol,0,0,0,1,0,0,0,0,1,7,1,1,2,1,2,2,0,POWER_TOOLS
642,channellock,0,0,0,0,1,0,1,0,0,11,1,1,3,1,4,1,0,POWER_TOOLS
643,cleco,0,1,0,0,0,0,0,0,0,5,1,1,2,0,1,0,0,POWER_TOOLS
644,cmt,0,0,0,0,1,0,0,0,0,3,0,0,0,0,1,1,0,POWER_TOOLS
645,crescent,0,0,0,0,1,0,0,0,0,8,2,0,2,1,2,1,0,POWER_TOOLS
646,daetwyler,0,0,0,1,0,0,0,0,1,9,2,0,3,0,4,2,1,POWER_TOOLS
647,deckwise,0,1,0,0,0,0,0,0,1,8,3,0,3,1,1,2,1,POWER_TOOLS
648,delta,1,1,0,0,0,0,0,0,1,5,1,0,2,0,1,2,1,POWER_TOOLS
649,dentfix,0,0,0,0,0,0,0,0,1,7,2,0,2,1,1,2,1,POWER_TOOLS
650,detro,0,1,0,0,0,0,0,0,1,5,1,1,2,0,1,2,0,POWER_TOOLS
651,dewalt,0,0,0,0,1,0,0,0,1,6,1,0,2,0,2,2,0,POWER_TOOLS
652,diablo,0,1,0,0,0,0,0,0,1,6,1,1,3,0,1,2,0,POWER_TOOLS
653,dowelmax,0,0,0,0,0,0,0,0,1,8,1,1,3,0,3,1,1,POWER_TOOLS
654,dr,0,0,0,1,0,0,0,0,1,2,0,0,0,0,1,1,0,POWER_TOOLS
655,dremel,0,0,0,1,0,0,0,0,1,6,2,0,2,0,3,1,0,POWER_TOOLS
656,duragrit,0,0,0,0,1,0,0,0,1,8,1,1,3,0,2,3,0,POWER_TOOLS
657,dynablast,0,0,0,0,1,0,0,0,1,9,0,0,2,1,3,3,0,POWER_TOOLS
658,dynabrade,0,1,0,0,0,0,0,0,1,9,1,0,3,0,3,3,1,POWER_TOOLS
659,eastwood,0,0,0,0,1,1,0,0,0,8,1,1,4,1,1,2,0,POWER_TOOLS
660,edco,0,1,0,0,0,1,0,0,0,4,1,1,2,0,0,1,1,POWER_TOOLS
661,equalizer,0,0,0,1,0,1,0,0,0,9,3,1,5,1,2,0,0,POWER_TOOLS
662,ernst,0,0,0,0,1,1,0,0,0,5,1,0,1,1,2,1,0,POWER_TOOLS
663,estwing,0,0,0,1,1,1,0,0,0,7,2,0,2,1,2,2,0,POWER_TOOLS
664,eversharp,0,0,0,0,1,1,0,0,0,9,2,0,3,2,2,1,0,POWER_TOOLS
665,exair,0,0,0,1,0,1,0,0,0,5,2,0,3,0,1,0,0,POWER_TOOLS
666,ezwoodshop,0,0,0,0,1,1,0,0,0,10,1,2,4,2,1,2,0,POWER_TOOLS
667,festool,0,0,0,1,0,0,1,0,0,7,1,1,3,2,1,1,0,POWER_TOOLS
668,fieldpiece,0,1,0,0,0,0,1,0,0,10,3,0,5,1,1,2,1,POWER_TOOLS
669,fiskars,0,0,1,0,0,0,1,0,0,7,1,0,2,3,1,1,0,POWER_TOOLS
670,flexisander,0,0,0,1,0,0,1,0,0,11,3,0,4,2,3,1,1,POWER_TOOLS
671,forrest,0,0,0,0,1,0,1,0,0,7,1,1,2,2,2,1,0,POWER_TOOLS
672,freud,0,0,0,0,1,0,1,0,0,5,1,1,2,1,1,1,0,POWER_TOOLS
673,gearwrench,0,0,1,0,0,0,0,0,1,10,2,0,3,1,4,1,0,POWER_TOOLS
674,gema,1,1,0,0,0,0,0,0,1,4,1,0,2,0,1,1,1,POWER_TOOLS
675,generac,0,0,0,0,0,0,0,0,1,7,2,0,3,0,2,1,1,POWER_TOOLS
676,gomaco,0,1,0,0,0,0,0,0,1,6,0,2,3,0,1,1,1,POWER_TOOLS
677,goodson,0,0,0,1,0,0,0,0,1,7,0,2,3,1,1,2,0,POWER_TOOLS
678,goodway,0,1,0,0,0,0,0,0,1,7,1,1,3,0,2,2,0,POWER_TOOLS
679,grabit,0,0,0,0,1,0,0,0,1,6,1,0,2,0,1,3,0,POWER_TOOLS
680,grainger,0,0,0,1,0,0,0,0,1,8,2,0,3,0,3,2,0,POWER_TOOLS
681,greenworks,0,0,1,0,0,0,0,0,1,10,1,1,3,1,4,2,0,POWER_TOOLS
682,grex,0,0,0,0,0,0,0,0,1,4,1,0,1,0,1,1,0,POWER_TOOLS
683,handibot,0,0,0,0,1,0,0,0,0,8,1,1,3,0,1,3,0,POWER_TOOLS
684,hastings,0,0,1,0,0,0,0,0,0,8,1,0,2,2,1,2,0,POWER_TOOLS
685,heck,0,0,0,0,1,0,0,0,0,4,1,0,1,0,0,1,0,POWER_TOOLS
686,hillman,0,0,0,1,0,0,0,0,0,7,1,0,2,0,4,0,0,POWER_TOOLS
687,hilmor,0,0,0,1,0,0,0,0,0,6,1,1,2,0,3,0,0,POWER_TOOLS
688,hilti,0,1,0,0,0,0,0,0,0,5,2,0,2,0,1,1,1,POWER_TOOLS
689,hitachi,0,1,0,0,0,0,0,0,0,7,2,0,3,1,0,1,1,POWER_TOOLS
690,hollymatic,0,0,0,0,0,0,0,0,0,10,1,1,3,0,4,1,1,POWER_TOOLS
691,homak,0,0,0,0,1,0,0,0,0,5,0,1,2,0,1,1,0,POWER_TOOLS
692,husky,0,1,0,0,0,0,0,0,0,5,1,1,1,1,1,1,0,POWER_TOOLS
693,husqvarna,1,1,0,0,0,0,0,0,0,9,0,1,3,2,2,0,1,POWER_TOOLS
694,hutchins,0,0,1,0,0,0,0,0,0,8,1,1,2,2,1,1,0,POWER_TOOLS
695,hyde,0,1,0,0,0,0,0,0,0,4,1,0,1,0,1,1,1,POWER_TOOLS
696,hytorc,0,0,0,0,0,0,0,0,0,6,0,1,1,0,2,1,0,POWER_TOOLS
697,ics,0,0,1,0,0,1,0,0,0,3,1,0,1,1,0,0,0,POWER_TOOLS
698,igus,0,0,1,0,0,1,0,0,0,4,1,1,2,1,0,1,0,POWER_TOOLS
699,ipa,1,1,0,0,0,1,0,0,0,3,1,0,2,0,0,1,1,POWER_TOOLS
700,irwin,0,0,0,1,0,1,0,0,0,5,2,0,2,0,3,0,0,POWER_TOOLS
701,jawhorse,0,1,0,0,0,0,1,0,0,8,1,1,3,2,2,0,1,POWER_TOOLS
702,jonsered,0,0,0,0,1,0,1,0,0,8,2,1,3,2,2,1,0,POWER_TOOLS
703,karcher,0,0,0,1,0,0,0,0,1,7,1,0,2,1,2,1,0,POWER_TOOLS
704,kershaw,0,0,0,0,0,0,0,0,1,7,1,0,2,1,2,1,1,POWER_TOOLS
705,kett,0,0,0,0,1,0,0,0,1,4,1,0,1,0,0,3,0,POWER_TOOLS
706,keysco,0,1,0,0,0,0,0,0,1,6,1,1,2,1,1,1,1,POWER_TOOLS
707,klein,0,0,0,1,0,0,0,0,1,5,1,0,2,0,2,1,0,POWER_TOOLS
708,knipex,0,0,0,0,0,0,0,0,1,6,2,0,2,0,1,2,0,POWER_TOOLS
709,kraft,0,0,0,0,1,0,0,0,1,5,0,0,1,1,1,2,0,POWER_TOOLS
710,kreg,0,0,0,0,1,0,0,0,1,4,1,0,1,0,1,2,0,POWER_TOOLS
711,kwikstand,0,0,0,0,1,0,0,0,1,9,1,0,2,1,2,4,0,POWER_TOOLS
712,lackmond,0,0,0,0,1,0,0,1,0,8,0,1,2,0,3,2,0,POWER_TOOLS
713,landa,1,1,0,0,0,0,0,1,0,5,0,0,2,0,2,1,1,POWER_TOOLS
714,leatherman,0,0,0,1,0,0,0,1,0,10,2,0,4,1,4,1,0,POWER_TOOLS
715,lenox,0,0,0,0,0,0,0,1,0,5,1,1,2,0,2,0,0,POWER_TOOLS
716,lincoln,0,0,0,1,0,0,0,1,0,7,1,1,2,0,4,0,0,POWER_TOOLS
717,lisle,0,1,0,0,0,0,0,1,0,5,2,0,2,1,2,0,1,POWER_TOOLS
718,logox,0,0,0,0,0,0,0,1,0,5,0,2,2,0,1,1,0,POWER_TOOLS
719,magnatech,0,0,1,0,0,0,0,1,0,9,1,0,3,1,2,2,0,POWER_TOOLS
720,makita,1,1,0,0,0,0,0,1,0,6,1,0,3,0,1,2,1,POWER_TOOLS
721,malco,0,1,0,0,0,0,0,1,0,5,0,1,2,0,2,0,0,POWER_TOOLS
722,marshalltown,0,0,0,1,0,0,0,1,0,12,0,1,3,1,6,1,0,POWER_TOOLS
723,martin,0,0,0,1,0,0,0,1,0,6,1,0,2,0,3,1,0,POWER_TOOLS
724,matco,0,1,0,0,0,0,0,1,0,5,0,1,2,0,1,1,0,POWER_TOOLS
725,mattei,0,1,0,0,0,0,0,1,0,6,1,0,3,0,1,2,1,POWER_TOOLS
726,max,0,0,0,0,0,0,0,1,0,3,0,0,1,0,1,0,0,POWER_TOOLS
727,maxus,0,0,1,0,0,0,0,1,0,5,0,1,2,1,1,0,0,POWER_TOOLS
728,mayhew,0,0,0,0,0,0,0,1,0,6,1,0,2,0,3,0,1,POWER_TOOLS
729,milwaukee,0,1,0,0,0,0,0,1,0,9,2,1,5,0,3,1,1,POWER_TOOLS
730,mitek,0,0,0,0,1,0,0,1,0,5,2,0,2,0,1,2,0,POWER_TOOLS
731,monti,0,1,0,0,0,0,0,1,0,5,1,1,2,0,2,1,0,POWER_TOOLS
732,mound,0,0,0,0,1,0,0,1,0,5,0,1,2,0,2,1,0,POWER_TOOLS
733,mountainwasher,0,0,0,1,0,0,0,1,0,14,2,1,6,1,5,1,0,POWER_TOOLS
734,multiplaz,0,0,1,0,0,0,0,1,0,9,1,1,3,1,3,2,0,POWER_TOOLS
735,multiquip,0,0,0,0,1,0,0,1,0,9,2,2,4,0,2,2,0,POWER_TOOLS
736,muro,0,1,0,0,0,0,0,1,0,4,0,2,2,0,2,0,0,POWER_TOOLS
737,mychanic,0,0,0,0,0,0,0,1,0,8,1,0,2,1,3,0,1,POWER_TOOLS
738,norbar,0,0,0,1,0,0,0,1,0,6,0,1,2,0,3,1,0,POWER_TOOLS
739,norton,0,0,0,1,0,0,0,1,0,6,0,2,2,0,3,1,0,POWER_TOOLS
740,norwood,0,0,0,0,1,0,0,1,0,7,0,2,3,0,3,1,0,POWER_TOOLS
741,olfa,1,1,0,0,0,1,0,0,0,4,0,1,2,1,1,0,1,POWER_TOOLS
742,otc,0,0,0,0,0,1,0,0,0,3,0,1,1,0,0,1,0,POWER_TOOLS
743,paslode,0,1,0,0,0,0,0,0,1,7,1,1,3,1,1,2,0,POWER_TOOLS
744,pelican,0,0,0,1,0,0,0,0,1,7,2,0,3,0,2,1,0,POWER_TOOLS
745,pem,0,0,0,1,0,0,0,0,1,3,1,0,1,0,1,1,0,POWER_TOOLS
746,penn,0,0,0,1,0,0,0,0,1,4,1,0,1,0,2,1,0,POWER_TOOLS
747,pensimple,0,1,0,0,0,0,0,0,1,9,3,0,3,1,3,2,1,POWER_TOOLS
748,pexgun,0,0,0,1,0,0,0,0,1,6,1,1,2,0,1,2,0,POWER_TOOLS
749,phc,0,0,0,0,0,0,0,0,1,3,0,0,0,0,0,1,0,POWER_TOOLS
750,plasmacam,0,0,0,1,0,0,0,0,1,9,0,0,3,1,3,1,0,POWER_TOOLS
751,powerbuilt,0,0,0,0,1,0,0,0,1,10,2,2,4,0,3,3,0,POWER_TOOLS
752,powerluber,0,0,0,1,0,0,0,0,1,10,2,2,4,0,4,2,0,POWER_TOOLS
753,powershot,0,0,0,0,1,0,0,0,1,9,1,2,3,1,2,2,0,POWER_TOOLS
754,preval,0,0,0,1,0,0,0,0,1,6,1,0,2,1,2,1,0,POWER_TOOLS
755,primedge,0,1,1,0,0,0,0,0,1,8,3,0,3,0,2,3,0,POWER_TOOLS
756,prorule,0,1,0,0,0,0,0,0,1,7,1,2,3,0,3,1,0,POWER_TOOLS
757,proto,0,1,0,0,0,0,0,0,1,5,0,2,2,0,1,2,1,POWER_TOOLS
758,rapidrill,0,0,0,1,0,0,0,1,0,9,2,0,3,0,4,2,1,POWER_TOOLS
759,ridgid,0,0,0,0,1,0,0,1,0,6,2,0,2,0,1,3,0,POWER_TOOLS
760,rockwell,0,0,0,1,0,0,0,1,0,8,1,1,2,0,4,1,0,POWER_TOOLS
761,roemheld,0,0,0,0,1,0,0,1,0,8,2,1,3,0,3,1,0,POWER_TOOLS
762,rossi,0,1,0,0,0,0,0,1,0,5,1,1,2,2,1,0,0,POWER_TOOLS
763,rotozip,0,0,0,0,1,0,0,1,0,7,1,2,3,1,1,2,0,POWER_TOOLS
764,ryobi,0,1,0,0,0,0,0,1,0,5,1,1,2,0,2,1,0,POWER_TOOLS
765,sata,1,1,0,0,0,0,1,0,0,4,0,0,2,1,0,1,1,POWER_TOOLS
766,sawstop,0,0,0,0,1,0,1,0,0,7,0,1,2,2,1,2,0,POWER_TOOLS
767,schaeffler,0,0,0,1,0,0,1,0,0,10,2,0,3,4,2,0,0,POWER_TOOLS
768,schrade,0,1,0,0,0,0,1,0,0,7,1,0,2,2,1,1,1,POWER_TOOLS
769,shark,0,0,0,0,1,0,1,0,0,5,0,0,1,1,1,1,0,POWER_TOOLS
770,shindaiwa,1,1,0,0,0,0,1,0,0,9,2,0,4,1,2,1,1,POWER_TOOLS
771,sk,0,0,0,0,1,0,1,0,0,2,0,0,0,1,0,1,0,POWER_TOOLS
772,skil,0,0,0,1,0,0,1,0,0,4,1,0,1,1,1,1,0,POWER_TOOLS
773,sog,0,0,0,0,1,0,1,0,0,3,0,1,1,1,0,1,0,POWER_TOOLS
774,southwire,0,1,0,0,0,0,1,0,0,9,2,1,4,2,2,1,1,POWER_TOOLS
775,sparky,0,1,0,0,0,0,1,0,0,6,1,0,1,1,2,2,1,POWER_TOOLS
776,spx,0,0,0,0,0,0,1,0,0,3,0,0,0,1,0,1,0,POWER_TOOLS
777,spyder,0,0,0,1,0,0,1,0,0,6,1,0,1,1,2,2,0,POWER_TOOLS
778,stanley,0,1,0,0,0,0,1,0,0,7,2,0,2,1,3,1,1,POWER_TOOLS
779,starrett,0,0,0,0,1,0,1,0,0,8,1,0,2,1,2,3,0,POWER_TOOLS
780,steck,0,0,0,0,1,0,1,0,0,5,1,0,1,1,0,2,0,POWER_TOOLS
781,stihl,0,0,0,1,0,0,1,0,0,5,1,0,1,1,1,1,0,POWER_TOOLS
782,studbuddy,0,1,0,0,0,0,1,0,0,9,1,2,2,1,1,5,0,POWER_TOOLS
783,stuller,0,0,0,1,0,0,1,0,0,7,1,1,2,1,3,1,0,POWER_TOOLS
784,sunjoe,0,1,0,0,0,0,1,0,0,6,1,2,3,2,1,0,0,POWER_TOOLS
785,tapebuddy,0,1,0,0,0,0,0,0,1,9,2,1,3,0,1,5,1,POWER_TOOLS
786,tekton,0,0,0,1,0,0,0,0,1,6,1,1,2,0,1,3,0,POWER_TOOLS
787,terrco,0,1,0,0,0,0,0,0,1,6,1,1,2,0,2,1,0,POWER_TOOLS
788,trigjig,0,0,0,0,1,0,0,0,1,7,2,0,2,1,1,3,0,POWER_TOOLS
789,triton,0,0,0,1,0,0,0,0,1,6,1,1,2,0,2,2,0,POWER_TOOLS
790,unicam,0,0,0,1,0,1,0,0,0,6,1,1,3,0,2,0,0,POWER_TOOLS
791,vallorbe,0,1,0,0,0,0,1,0,0,8,1,1,3,1,3,1,1,POWER_TOOLS
792,versatility,0,1,0,0,0,0,1,0,0,11,4,0,4,2,3,2,1,POWER_TOOLS
793,victorinox,0,0,0,0,0,0,1,0,0,10,2,2,4,1,2,1,1,POWER_TOOLS
794,wachs,0,0,1,0,0,0,0,1,0,5,0,0,1,2,1,0,0,POWER_TOOLS
795,wagner,0,0,0,1,0,0,0,1,0,6,1,0,2,0,3,1,0,POWER_TOOLS
796,westcott,0,0,0,0,1,0,0,1,0,8,1,1,2,1,1,3,0,POWER_TOOLS
797,wiss,0,0,1,0,0,0,0,1,0,4,1,0,1,2,1,0,0,POWER_TOOLS
798,wolff,0,0,1,0,0,0,0,1,0,5,0,1,1,2,2,0,0,POWER_TOOLS
799,woodcraft,0,0,0,0,1,0,0,1,0,9,0,1,3,1,2,2,0,POWER_TOOLS
800,woodhaven,0,0,0,1,0,0,0,1,0,9,1,1,4,1,2,1,0,POWER_TOOLS
801,worx,0,0,0,0,0,0,0,1,0,4,0,1,1,0,2,0,0,POWER_TOOLS
802,yamaha,1,1,0,0,0,0,0,1,0,6,0,0,3,0,2,0,1,POWER_TOOLS
803,zago,0,1,0,0,0,0,1,0,0,4,0,1,2,1,0,1,0,POWER_TOOLS
804,advueu,0,1,0,0,0,1,0,0,0,6,1,2,4,1,0,1,0,TELEVISIONS
805,clearview,0,0,0,0,0,0,0,0,0,9,2,0,4,1,3,0,1,TELEVISIONS
806,dealertv,0,0,1,0,0,0,0,0,1,8,2,0,3,1,2,2,0,TELEVISIONS
807,ericsson,0,0,0,1,0,1,0,0,0,8,2,1,3,2,2,0,0,TELEVISIONS
808,hisense,0,1,0,0,0,0,0,0,0,7,3,0,3,2,1,0,1,TELEVISIONS
809,lg,0,0,0,0,1,0,0,1,0,2,0,0,0,0,1,1,0,TELEVISIONS
810,panasonic,0,0,0,0,0,0,0,0,1,9,1,1,4,1,2,1,1,TELEVISIONS
811,philips,0,0,1,0,0,0,0,0,1,7,2,0,2,1,1,2,0,TELEVISIONS
812,planar,0,0,0,1,0,0,0,0,1,6,0,0,2,0,3,1,0,TELEVISIONS
813,rca,1,1,0,0,0,0,0,1,0,3,0,0,1,0,1,0,1,TELEVISIONS
814,samsung,0,0,0,1,1,0,1,0,0,7,0,1,2,2,2,1,0,TELEVISIONS
815,seiki,0,1,0,0,0,0,1,0,0,5,2,0,3,1,0,1,1,TELEVISIONS
816,skyvue,0,1,0,0,0,0,1,0,0,6,1,1,2,2,1,1,0,TELEVISIONS
817,sony,0,1,0,0,0,0,1,0,0,4,1,1,1,1,2,0,1,TELEVISIONS
818,sunbritetv,0,0,1,0,0,0,1,0,0,10,2,1,3,2,2,3,0,TELEVISIONS
819,sylvania,1,1,0,0,0,0,1,0,0,8,1,0,3,2,3,0,1,TELEVISIONS
820,tcl,0,0,0,1,0,0,0,0,1,3,0,0,0,0,1,1,0,TELEVISIONS
821,toshiba,1,1,0,0,0,0,0,0,1,7,1,1,3,1,0,2,1,TELEVISIONS
822,viewsonic,0,0,0,0,0,0,1,0,0,9,2,1,4,2,2,0,0,TELEVISIONS
823,vizio,0,1,0,0,0,0,1,0,0,5,2,1,3,2,0,0,1,TELEVISIONS
824,westinghouse,0,1,0,0,0,0,0,1,0,12,3,1,5,2,2,2,1,TELEVISIONS
825,adi,0,1,0,0,0,1,0,0,0,3,1,0,2,0,0,1,1,WATCHES
826,adidas,0,0,1,0,0,1,0,0,0,6,1,0,3,1,0,2,0,WATCHES
827,alor,0,0,0,1,0,1,0,0,0,4,0,1,2,0,2,0,0,WATCHES
828,alpina,1,1,0,0,0,1,0,0,0,6,1,0,3,0,2,1,1,WATCHES
829,anonimo,0,1,0,0,0,1,0,0,0,7,1,2,4,0,3,0,1,WATCHES
830,arbutus,0,0,1,0,0,1,0,0,0,7,0,2,3,1,1,2,0,WATCHES
831,armitron,0,0,0,1,0,1,0,0,0,8,1,1,3,0,4,1,0,WATCHES
832,armogan,0,0,0,1,0,1,0,0,0,7,0,1,3,0,3,1,0,WATCHES
833,azad,0,0,0,0,1,1,0,0,0,4,0,0,2,1,0,1,0,WATCHES
834,belair,0,0,0,1,0,0,0,0,1,6,2,0,3,0,2,1,0,WATCHES
835,belkin,0,0,0,1,0,0,0,0,1,6,2,0,2,0,2,2,0,WATCHES
836,benrus,0,0,1,0,0,0,0,0,1,6,1,1,2,1,2,1,0,WATCHES
837,bering,0,0,0,1,1,0,0,0,1,6,2,0,2,0,2,2,0,WATCHES
838,bianci,0,1,0,0,0,0,0,0,1,6,2,0,3,0,1,1,1,WATCHES
839,bijan,0,0,0,1,0,0,0,0,1,5,1,0,2,1,1,1,0,WATCHES
840,blancpain,0,0,0,1,0,0,0,0,1,9,1,0,3,0,3,2,0,WATCHES
841,boccia,1,1,0,0,0,0,0,0,1,6,1,1,3,0,0,1,1,WATCHES
842,bomberg,0,0,0,0,1,0,0,0,1,7,1,1,2,0,2,3,0,WATCHES
843,bovet,0,0,0,0,1,0,0,0,1,5,1,1,2,1,0,2,0,WATCHES
844,boyard,0,0,0,0,1,0,0,0,1,6,0,1,2,0,2,2,0,WATCHES
845,brathwait,0,0,0,0,1,0,0,0,1,9,1,0,3,1,2,3,0,WATCHES
846,breda,1,1,0,0,0,0,0,0,1,5,1,0,2,0,1,2,1,WATCHES
847,breguet,0,0,0,0,1,0,0,0,1,7,2,1,3,0,1,3,0,WATCHES
848,breitling,0,0,0,1,1,0,0,0,1,9,2,0,3,0,3,3,0,WATCHES
849,bremont,0,0,0,0,1,0,0,0,1,7,1,1,2,0,3,2,0,WATCHES
850,buler,0,0,0,1,0,0,0,0,1,5,1,1,2,0,2,1,0,WATCHES
851,bulgari,0,1,0,0,0,0,0,0,1,7,1,1,3,0,2,2,0,WATCHES
852,bulova,1,1,0,0,0,0,0,0,1,6,0,2,3,1,1,1,1,WATCHES
853,buoyy,0,1,0,0,0,0,0,0,1,5,1,2,2,0,2,1,0,WATCHES
854,butler,0,0,0,1,0,0,0,0,1,6,1,1,2,0,2,2,0,WATCHES
855,cadence,0,1,0,0,0,0,0,0,0,7,2,0,3,0,1,1,1,WATCHES
856,caravelle,0,1,0,0,0,0,0,0,0,9,2,0,4,1,3,0,1,WATCHES
857,cartier,0,0,0,1,0,0,0,0,0,7,1,0,3,0,2,1,0,WATCHES
858,casio,0,1,0,0,0,0,0,0,0,5,1,1,3,1,0,0,0,WATCHES
859,charriol,0,0,0,1,0,0,1,0,0,8,1,1,3,1,3,0,0,WATCHES
860,chopard,0,0,0,0,1,0,1,0,0,7,0,1,2,1,1,2,0,WATCHES
861,chronoswiss,0,0,1,0,0,0,1,0,0,11,1,2,3,4,3,0,0,WATCHES
862,converse,0,1,0,0,0,0,0,0,0,8,2,1,3,2,2,0,1,WATCHES
863,cortese,0,1,0,0,0,0,0,0,0,7,2,1,3,1,1,1,1,WATCHES
864,corum,0,0,0,1,0,0,0,0,0,5,0,2,2,0,2,0,0,WATCHES
865,cromwell,0,0,0,1,0,0,0,0,0,8,1,1,2,0,5,0,0,WATCHES
866,dewitt,0,0,0,0,1,0,0,0,1,6,2,0,2,0,1,3,0,WATCHES
867,didofa,1,1,0,0,0,0,0,0,1,6,1,1,3,1,0,2,1,WATCHES
868,diesel,0,0,0,1,0,0,0,0,1,6,2,0,3,1,1,1,0,WATCHES
869,dior,0,0,0,1,0,0,0,0,1,4,1,1,2,0,1,1,0,WATCHES
870,eone,0,1,0,0,0,1,0,0,0,4,2,1,3,0,1,0,0,WATCHES
871,erroyl,0,0,0,1,0,1,0,0,0,6,1,1,2,0,4,0,0,WATCHES
872,eterna,1,1,0,0,0,1,0,0,0,6,2,0,3,0,2,1,1,WATCHES
873,faberge,0,1,0,0,0,0,1,0,0,7,2,0,3,1,1,2,1,WATCHES
874,fendi,0,1,0,0,0,0,1,0,0,5,2,0,2,1,1,1,1,WATCHES
875,fifth,0,0,1,0,0,0,1,0,0,5,1,0,1,3,0,1,0,WATCHES
876,fiyta,1,1,0,0,0,0,1,0,0,5,1,0,2,1,1,1,1,WATCHES
877,freestyle,0,1,0,0,0,0,1,0,0,9,2,0,3,2,3,1,1,WATCHES
878,gamiss,0,0,1,0,0,0,0,0,1,6,1,0,2,2,1,1,0,WATCHES
879,garmin,0,0,0,1,0,0,0,0,1,6,1,0,2,0,3,1,0,WATCHES
880,glashutte,0,1,0,0,0,0,0,0,1,9,1,1,3,1,1,3,0,WATCHES
881,graff,0,0,1,0,0,0,0,0,1,5,0,0,1,2,1,1,0,WATCHES
882,graham,0,0,0,1,0,0,0,0,1,6,0,0,2,0,2,1,0,WATCHES
883,greyhours,0,0,1,0,0,0,0,0,1,9,1,1,3,1,3,1,0,WATCHES
884,gucci,0,1,0,0,0,0,0,0,1,5,1,1,2,0,0,1,0,WATCHES
885,hamilton,0,0,0,1,0,0,0,0,0,8,1,1,3,0,3,1,0,WATCHES
886,havana,1,1,0,0,0,0,0,0,0,6,0,0,3,1,1,0,1,WATCHES
887,hermes,0,0,1,0,0,0,0,0,0,6,2,0,2,1,2,0,0,WATCHES
888,huawei,0,1,0,0,0,0,0,0,0,6,1,1,4,0,1,0,1,WATCHES
889,hublot,0,0,0,0,1,0,0,0,0,6,0,2,2,0,1,2,0,WATCHES
890,hypergrand,0,0,0,0,1,0,0,0,0,10,1,0,2,0,4,3,0,WATCHES
891,hyt,0,0,0,0,1,0,0,0,0,3,0,0,0,0,1,1,0,WATCHES
892,ibeat,0,0,0,0,1,1,0,0,0,5,2,0,3,0,0,2,0,WATCHES
893,invicta,1,1,0,0,0,1,0,0,0,7,2,0,3,1,1,1,1,WATCHES
894,jord,0,0,0,0,1,0,1,0,0,4,0,1,1,1,1,1,0,WATCHES
895,kompass,0,0,1,0,0,0,0,0,1,7,0,1,2,2,1,2,0,WATCHES
896,kronaby,0,1,0,0,0,0,0,0,1,7,1,1,2,0,3,2,1,WATCHES
897,kyboe,0,1,0,0,0,0,0,0,1,5,1,1,2,0,1,2,0,WATCHES
898,lacoste,0,1,0,0,0,0,0,1,0,7,1,1,3,1,1,1,1,WATCHES
899,lapizta,1,1,0,0,0,0,0,1,0,7,1,0,3,1,1,2,1,WATCHES
900,longines,0,0,1,0,0,0,0,1,0,8,2,1,3,1,3,1,0,WATCHES
901,luminox,0,0,0,0,0,0,0,1,0,7,1,2,3,0,3,0,0,WATCHES
902,lunowear,0,0,0,1,0,0,0,1,0,8,1,2,4,0,4,0,0,WATCHES
903,martenero,0,1,0,0,0,0,0,1,0,9,2,1,4,0,4,1,1,WATCHES
904,marvin,0,0,0,1,0,0,0,1,0,6,1,0,2,1,3,0,0,WATCHES
905,medota,1,1,0,0,0,0,0,1,0,6,1,1,3,0,1,2,1,WATCHES
906,megir,0,0,0,1,0,0,0,1,0,5,2,0,2,0,2,1,0,WATCHES
907,meridio,0,1,0,0,0,0,0,1,0,7,3,1,4,0,2,1,1,WATCHES
908,michele,0,1,0,0,0,0,0,1,0,7,3,0,3,1,2,0,1,WATCHES
909,mido,0,1,0,0,0,0,0,1,0,4,1,1,2,0,1,1,0,WATCHES
910,mistura,1,1,0,0,0,0,0,1,0,7,1,1,3,1,2,1,1,WATCHES
911,montblanc,0,0,0,0,0,0,0,1,0,9,0,1,2,0,4,2,0,WATCHES
912,movado,0,1,0,0,0,0,0,1,0,6,0,2,3,1,1,1,1,WATCHES
913,mtm,0,0,0,1,0,0,0,1,0,3,0,0,0,0,2,1,0,WATCHES
914,mulco,0,1,0,0,0,0,0,1,0,5,0,2,2,0,2,0,0,WATCHES
915,mvmt,0,0,0,0,1,0,0,1,0,4,0,0,0,1,2,1,0,WATCHES
916,nacken,0,0,0,1,0,0,0,1,0,6,1,0,2,0,2,1,0,WATCHES
917,naviforce,0,1,0,0,0,0,0,1,0,9,2,1,4,2,2,0,1,WATCHES
918,neita,1,1,0,0,0,0,0,1,0,5,1,0,3,0,1,1,1,WATCHES
919,newgate,0,1,0,0,0,0,0,1,0,7,2,0,3,0,2,2,1,WATCHES
920,nike,0,1,0,0,0,0,0,1,0,4,2,0,2,0,1,1,1,WATCHES
921,nite,0,1,0,0,0,0,0,1,0,4,2,0,2,0,1,1,1,WATCHES
922,nixon,0,0,0,1,0,0,0,1,0,5,1,1,2,0,2,0,0,WATCHES
923,nomad,0,0,0,0,1,0,0,1,0,5,0,1,2,0,2,1,0,WATCHES
924,oleksynprannyk,0,0,0,0,1,1,0,0,0,14,1,1,3,1,7,3,0,WATCHES
925,olio,0,1,0,0,0,1,0,0,0,4,1,2,3,0,1,0,0,WATCHES
926,omega,1,1,0,0,0,1,0,0,0,5,1,1,3,0,1,1,1,WATCHES
927,orient,0,0,0,0,1,1,0,0,0,6,1,1,3,0,2,1,0,WATCHES
928,oris,0,0,1,0,0,1,0,0,0,4,1,1,2,1,1,0,0,WATCHES
929,pagare,0,1,0,0,0,0,0,0,1,6,1,0,3,0,1,2,1,WATCHES
930,panerai,0,1,0,0,0,0,0,0,1,7,2,0,4,0,2,1,1,WATCHES
931,peugeot,0,0,0,0,1,0,0,0,1,7,2,2,4,0,0,3,0,WATCHES
932,phillips,0,0,1,0,0,0,0,0,1,8,2,0,2,1,2,2,0,WATCHES
933,piaget,0,0,0,0,1,0,0,0,1,6,2,0,3,0,0,3,0,WATCHES
934,picono,0,1,0,0,0,0,0,0,1,6,1,2,3,0,1,1,1,WATCHES
935,polar,0,0,0,1,0,0,0,0,1,5,0,1,2,0,2,1,0,WATCHES
936,pulsar,0,0,0,1,0,0,0,0,1,6,0,1,2,1,2,1,0,WATCHES
937,rado,0,1,0,0,0,0,0,1,0,4,0,1,2,0,1,1,0,WATCHES
938,rapport,0,0,0,0,1,0,0,1,0,7,0,1,2,0,2,3,0,WATCHES
939,ritot,0,0,0,0,1,0,0,1,0,5,1,1,2,0,1,2,0,WATCHES
940,rockwell,0,0,0,1,0,0,0,1,0,8,1,1,2,0,4,1,0,WATCHES
941,rolex,0,0,0,0,0,0,0,1,0,5,1,1,2,0,2,0,0,WATCHES
942,rosefield,0,0,0,0,1,0,0,1,0,9,2,1,4,2,2,1,0,WATCHES
943,rosemont,0,0,0,0,1,0,0,1,0,8,1,2,3,1,3,1,0,WATCHES
944,royalmarine,0,1,0,0,0,0,0,1,0,11,2,1,5,0,6,0,1,WATCHES
945,seiko,0,1,0,0,0,0,1,0,0,5,1,1,3,1,0,1,1,WATCHES
946,sevenfriday,0,1,0,0,0,0,1,0,0,11,4,0,4,3,3,1,1,WATCHES
947,shark,0,0,0,0,1,0,1,0,0,5,0,0,1,1,1,1,0,WATCHES
948,shinola,1,1,0,0,0,0,1,0,0,7,1,1,3,1,2,0,1,WATCHES
949,sisu,0,1,0,0,0,0,1,0,0,4,1,1,2,2,0,0,1,WATCHES
950,skagen,0,0,0,1,0,0,1,0,0,6,1,0,2,1,1,2,0,WATCHES
951,stauer,0,0,0,1,0,0,1,0,0,6,1,1,3,1,1,1,0,WATCHES
952,suunto,0,1,0,0,0,0,1,0,0,6,0,3,3,1,1,1,1,WATCHES
953,svstem,0,0,0,1,0,0,1,0,0,6,1,0,1,3,1,1,0,WATCHES
954,swarovski,0,1,0,0,0,0,1,0,0,9,1,1,3,3,2,1,1,WATCHES
955,swatch,0,0,1,0,0,0,1,0,0,6,0,0,1,2,1,1,0,WATCHES
956,swiss,0,0,1,0,0,0,1,0,0,5,1,0,1,3,1,0,0,WATCHES
957,swisstime,0,1,0,0,0,0,1,0,0,9,3,0,3,3,2,1,1,WATCHES
958,szanto,0,1,0,0,0,0,1,0,0,6,0,1,2,2,1,1,0,WATCHES
959,tayroc,0,0,0,0,0,0,0,0,1,6,0,1,2,0,2,1,1,WATCHES
960,technomarine,0,1,0,0,0,0,0,0,1,12,3,1,5,1,4,1,1,WATCHES
961,teno,0,1,0,0,0,0,0,0,1,4,1,1,2,0,1,1,0,WATCHES
962,tiffany,0,1,0,0,0,0,0,0,1,7,2,0,2,2,2,1,1,WATCHES
963,timex,0,0,0,0,0,0,0,0,1,5,2,0,2,0,1,1,0,WATCHES
964,tissot,0,0,0,0,1,0,0,0,1,6,1,1,2,2,0,2,0,WATCHES
965,titan,0,0,0,1,0,0,0,0,1,5,1,0,2,0,1,2,0,WATCHES
966,toptiertimer,0,0,0,1,0,0,0,0,1,12,3,1,5,0,3,4,0,WATCHES
967,torgoen,0,0,0,1,0,0,0,0,1,7,1,2,3,0,2,2,0,WATCHES
968,triarrows,0,0,1,0,0,0,0,0,1,9,1,1,3,1,4,1,0,WATCHES
969,truwood,0,0,0,0,1,0,0,0,1,7,0,2,3,0,2,2,0,WATCHES
970,tudor,0,0,0,1,0,0,0,0,1,5,0,2,2,0,1,2,0,WATCHES
971,versace,0,1,0,0,0,0,1,0,0,7,2,0,3,2,1,0,1,WATCHES
972,victorinox,0,0,0,0,0,0,1,0,0,10,2,2,4,1,2,1,1,WATCHES
973,void,0,0,0,0,1,0,1,0,0,4,1,1,2,1,0,1,0,WATCHES
974,wewood,0,0,0,0,1,0,0,1,0,6,1,1,3,0,2,1,0,WATCHES
975,withings,0,0,1,0,0,0,0,1,0,8,2,0,2,2,2,2,0,WATCHES
976,wryst,0,0,0,0,1,0,0,1,0,5,0,0,0,1,3,1,0,WATCHES
977,xetum,0,0,0,1,0,0,0,0,0,5,1,1,2,0,1,1,0,WATCHES
978,zenith,0,0,1,0,0,0,1,0,0,6,2,0,2,2,1,1,0,WATCHES
979,adea,1,1,0,0,0,1,0,0,0,4,1,0,3,0,0,1,1,WOMENS_UNDERWEAR
980,aerie,0,1,0,0,0,1,0,0,0,5,2,0,4,0,1,0,1,WOMENS_UNDERWEAR
981,confitex,0,0,0,0,0,0,0,0,0,8,2,1,3,1,1,1,1,WOMENS_UNDERWEAR
982,foxers,0,0,1,0,0,0,1,0,0,6,1,1,2,2,1,0,0,WOMENS_UNDERWEAR
983,hanes,0,0,1,0,0,0,0,0,0,5,1,0,2,1,1,0,0,WOMENS_UNDERWEAR
984,hanro,0,1,0,0,0,0,0,0,0,5,0,1,2,0,2,0,0,WOMENS_UNDERWEAR
985,intimissimi,0,1,0,0,0,1,0,0,0,11,5,0,5,2,3,1,1,WOMENS_UNDERWEAR
986,knixteen,0,0,0,1,0,0,0,0,1,8,2,0,3,0,2,2,0,WOMENS_UNDERWEAR
987,knixwear,0,0,0,1,0,0,0,0,1,8,2,0,3,0,3,1,0,WOMENS_UNDERWEAR
988,leonisa,1,1,0,0,0,0,0,1,0,7,2,1,4,1,2,0,1,WOMENS_UNDERWEAR
989,natori,0,1,0,0,0,0,0,1,0,6,1,1,3,0,2,1,1,WOMENS_UNDERWEAR
990,oscalito,0,1,0,0,0,1,0,0,0,8,1,2,4,1,1,1,0,WOMENS_UNDERWEAR
991,sokoloff,0,0,1,0,0,0,1,0,0,8,0,3,3,3,1,1,0,WOMENS_UNDERWEAR
992,soma,1,1,0,0,0,0,1,0,0,4,0,1,2,1,1,0,1,WOMENS_UNDERWEAR
993,tani,0,1,0,0,0,0,0,0,1,4,1,0,2,0,1,1,1,WOMENS_UNDERWEAR
994,thinx,0,0,0,0,0,0,1,0,1,5,1,0,1,1,1,1,0,WOMENS_UNDERWEAR
995,tomboyx,0,0,0,0,0,0,0,0,1,7,0,2,2,0,2,2,0,WOMENS_UNDERWEAR
996,valentine,0,1,0,0,0,0,1,0,0,9,3,0,4,1,3,1,1,WOMENS_UNDERWEAR
997,warners,0,0,1,0,0,0,0,1,0,7,1,0,2,1,4,0,1,WOMENS_UNDERWEAR
998,breyers,0,0,1,0,0,0,0,0,1,7,2,0,2,1,3,1,0,YOGURT
999,cabot,0,0,0,0,1,0,0,0,0,5,0,1,2,0,0,2,0,YOGURT
1000,cacique,0,1,0,0,0,0,0,0,0,7,2,1,4,0,0,0,1,YOGURT
1001,chobani,0,1,0,0,0,0,1,0,0,7,1,1,3,1,1,1,1,YOGURT
1002,clover,0,0,0,1,0,0,0,0,0,6,1,1,2,1,2,0,0,YOGURT
1003,cocobella,1,1,0,0,0,0,0,0,0,9,1,2,4,0,2,1,1,YOGURT
1004,dannon,0,0,0,1,0,0,0,0,1,6,0,1,2,0,3,1,0,YOGURT
1005,danone,0,1,0,0,0,0,0,0,1,6,1,1,3,0,2,1,1,YOGURT
1006,danonino,0,1,0,0,0,0,0,0,1,8,1,2,4,0,3,1,0,YOGURT
1007,ehrmann,0,0,0,1,0,1,0,0,0,7,1,0,2,0,4,0,1,YOGURT
1008,ellenos,0,0,1,0,0,1,0,0,0,7,2,1,3,1,3,0,0,YOGURT
1009,kabrita,1,1,0,0,0,0,0,0,1,7,1,0,3,0,1,3,1,YOGURT
1010,lala,1,1,0,0,0,0,0,1,0,4,0,0,2,0,2,0,1,YOGURT
1011,liberte,0,1,0,0,0,0,0,1,0,7,3,0,3,0,2,2,1,YOGURT
1012,muller,0,0,0,1,0,0,0,1,0,6,1,1,2,0,4,0,0,YOGURT
1013,nancys,0,0,1,0,0,0,0,1,0,6,0,0,1,1,3,0,0,YOGURT
1014,noosa,1,1,0,0,0,0,0,1,0,5,0,1,3,1,1,0,1,YOGURT
1015,siggis,0,0,1,0,0,0,1,0,0,6,2,0,2,2,0,2,0,YOGURT
1016,tillamook,0,0,0,0,1,0,0,0,1,9,1,1,4,0,3,2,0,YOGURT
1017,tnuva,1,1,0,0,0,0,0,0,1,5,0,1,2,1,1,1,1,YOGURT
1018,yoatz,0,0,1,0,0,0,0,1,0,5,0,1,2,1,1,1,0,YOGURT
1019,yopa,1,1,0,0,0,0,0,1,0,4,0,1,2,0,1,1,1,YOGURT
1020,yoplait,0,0,0,0,1,0,0,1,0,7,1,1,3,0,2,2,0,YOGURT
